journal_entry_id,line_number,account_id,cost_center_id,debit_amount,credit_amount,line_description
JE-000001,1,1020,CC200,353938.08,0,Product revenue - 2024-01
JE-000001,2,4010,CC200,0,353938.08,Product revenue - 2024-01
JE-000002,1,1020,CC200,150795.48,0,Service revenue - 2024-01
JE-000002,2,4020,CC200,0,150795.48,Service revenue - 2024-01
JE-000003,1,1020,CC200,80276.91,0,Subscription revenue - 2024-01
JE-000003,2,4030,CC200,0,80276.91,Subscription revenue - 2024-01
JE-000004,1,5010,CC600,212912.51,0,COGS product - 2024-01
JE-000004,2,1030,CC600,0,212912.51,COGS product - 2024-01
JE-000005,1,5020,CC600,59921.44,0,COGS services - 2024-01
JE-000005,2,2020,CC600,0,59921.44,COGS services - 2024-01
JE-000006,1,5030,CC900,21785.1,0,COGS subscriptions - 2024-01
JE-000006,2,2020,CC900,0,21785.1,COGS subscriptions - 2024-01
JE-000007,1,6010,CC100,188509.92,0,Payroll - CC100 - 2024-01
JE-000007,2,1010,CC100,0,188509.92,Payroll - CC100 - 2024-01
JE-000008,1,6010,CC200,127156.72,0,Payroll - CC200 - 2024-01
JE-000008,2,1010,CC200,0,127156.72,Payroll - CC200 - 2024-01
JE-000009,1,6010,CC300,66631.63,0,Payroll - CC300 - 2024-01
JE-000009,2,1010,CC300,0,66631.63,Payroll - CC300 - 2024-01
JE-000010,1,6010,CC400,46380.35,0,Payroll - CC400 - 2024-01
JE-000010,2,1010,CC400,0,46380.35,Payroll - CC400 - 2024-01
JE-000011,1,6010,CC500,35196.12,0,Payroll - CC500 - 2024-01
JE-000011,2,1010,CC500,0,35196.12,Payroll - CC500 - 2024-01
JE-000012,1,6010,CC600,54304.62,0,Payroll - CC600 - 2024-01
JE-000012,2,1010,CC600,0,54304.62,Payroll - CC600 - 2024-01
JE-000013,1,6010,CC700,49980.49,0,Payroll - CC700 - 2024-01
JE-000013,2,1010,CC700,0,49980.49,Payroll - CC700 - 2024-01
JE-000014,1,6010,CC800,75915.5,0,Payroll - CC800 - 2024-01
JE-000014,2,1010,CC800,0,75915.5,Payroll - CC800 - 2024-01
JE-000015,1,6010,CC900,151872.86,0,Payroll - CC900 - 2024-01
JE-000015,2,1010,CC900,0,151872.86,Payroll - CC900 - 2024-01
JE-000016,1,6020,CC100,52263.82,0,Benefits - CC100 - 2024-01
JE-000016,2,2020,CC100,0,52263.82,Benefits - CC100 - 2024-01
JE-000017,1,6020,CC200,33190.71,0,Benefits - CC200 - 2024-01
JE-000017,2,2020,CC200,0,33190.71,Benefits - CC200 - 2024-01
JE-000018,1,6020,CC300,18621.09,0,Benefits - CC300 - 2024-01
JE-000018,2,2020,CC300,0,18621.09,Benefits - CC300 - 2024-01
JE-000019,1,6020,CC400,13472.17,0,Benefits - CC400 - 2024-01
JE-000019,2,2020,CC400,0,13472.17,Benefits - CC400 - 2024-01
JE-000020,1,6020,CC500,8810.47,0,Benefits - CC500 - 2024-01
JE-000020,2,2020,CC500,0,8810.47,Benefits - CC500 - 2024-01
JE-000021,1,6020,CC600,15764.14,0,Benefits - CC600 - 2024-01
JE-000021,2,2020,CC600,0,15764.14,Benefits - CC600 - 2024-01
JE-000022,1,6020,CC700,14239.79,0,Benefits - CC700 - 2024-01
JE-000022,2,2020,CC700,0,14239.79,Benefits - CC700 - 2024-01
JE-000023,1,6020,CC800,20270.39,0,Benefits - CC800 - 2024-01
JE-000023,2,2020,CC800,0,20270.39,Benefits - CC800 - 2024-01
JE-000024,1,6020,CC900,39148.87,0,Benefits - CC900 - 2024-01
JE-000024,2,2020,CC900,0,39148.87,Benefits - CC900 - 2024-01
JE-000025,1,6030,CC600,42873.4,0,Rent and facilities - 2024-01
JE-000025,2,1010,CC600,0,42873.4,Rent and facilities - 2024-01
JE-000026,1,6040,CC999,17879.69,0,Depreciation - 2024-01
JE-000026,2,1120,CC999,0,17879.69,Depreciation - 2024-01
JE-000027,1,6060,CC300,62989.99,0,Marketing spend - 2024-01
JE-000027,2,2010,CC300,0,62989.99,Marketing spend - 2024-01
JE-000028,1,6070,CC800,16429.26,0,Travel and entertainment - 2024-01
JE-000028,2,1010,CC800,0,16429.26,Travel and entertainment - 2024-01
JE-000029,1,6080,CC100,27918.53,0,Software subscriptions - 2024-01
JE-000029,2,2010,CC100,0,27918.53,Software subscriptions - 2024-01
JE-000030,1,6100,CC600,8796.83,0,Utilities - 2024-01
JE-000030,2,2010,CC600,0,8796.83,Utilities - 2024-01
JE-000031,1,7010,CC400,6100.06,0,Interest expense - 2024-01
JE-000031,2,1010,CC400,0,6100.06,Interest expense - 2024-01
JE-000032,1,1010,CC400,532754.67,0,Cash collections - 2024-01
JE-000032,2,1020,CC400,0,532754.67,Cash collections - 2024-01
JE-000033,1,2010,CC400,242849.87,0,AP payments - 2024-01
JE-000033,2,1010,CC400,0,242849.87,AP payments - 2024-01
JE-000034,1,1020,CC200,359767.37,0,Product revenue - 2024-02
JE-000034,2,4010,CC200,0,359767.37,Product revenue - 2024-02
JE-000035,1,1020,CC200,148190.77,0,Service revenue - 2024-02
JE-000035,2,4020,CC200,0,148190.77,Service revenue - 2024-02
JE-000036,1,1020,CC200,86513.24,0,Subscription revenue - 2024-02
JE-000036,2,4030,CC200,0,86513.24,Subscription revenue - 2024-02
JE-000037,1,5010,CC600,220171.02,0,COGS product - 2024-02
JE-000037,2,1030,CC600,0,220171.02,COGS product - 2024-02
JE-000038,1,5020,CC600,55618.14,0,COGS services - 2024-02
JE-000038,2,2020,CC600,0,55618.14,COGS services - 2024-02
JE-000039,1,5030,CC900,18633.49,0,COGS subscriptions - 2024-02
JE-000039,2,2020,CC900,0,18633.49,COGS subscriptions - 2024-02
JE-000040,1,6010,CC100,191665.61,0,Payroll - CC100 - 2024-02
JE-000040,2,1010,CC100,0,191665.61,Payroll - CC100 - 2024-02
JE-000041,1,6010,CC200,124982.2,0,Payroll - CC200 - 2024-02
JE-000041,2,1010,CC200,0,124982.2,Payroll - CC200 - 2024-02
JE-000042,1,6010,CC300,66258.02,0,Payroll - CC300 - 2024-02
JE-000042,2,1010,CC300,0,66258.02,Payroll - CC300 - 2024-02
JE-000043,1,6010,CC400,39254.28,0,Payroll - CC400 - 2024-02
JE-000043,2,1010,CC400,0,39254.28,Payroll - CC400 - 2024-02
JE-000044,1,6010,CC500,36849.68,0,Payroll - CC500 - 2024-02
JE-000044,2,1010,CC500,0,36849.68,Payroll - CC500 - 2024-02
JE-000045,1,6010,CC600,50250.43,0,Payroll - CC600 - 2024-02
JE-000045,2,1010,CC600,0,50250.43,Payroll - CC600 - 2024-02
JE-000046,1,6010,CC700,47995.41,0,Payroll - CC700 - 2024-02
JE-000046,2,1010,CC700,0,47995.41,Payroll - CC700 - 2024-02
JE-000047,1,6010,CC800,76503.56,0,Payroll - CC800 - 2024-02
JE-000047,2,1010,CC800,0,76503.56,Payroll - CC800 - 2024-02
JE-000048,1,6010,CC900,146502.2,0,Payroll - CC900 - 2024-02
JE-000048,2,1010,CC900,0,146502.2,Payroll - CC900 - 2024-02
JE-000049,1,6020,CC100,51321.06,0,Benefits - CC100 - 2024-02
JE-000049,2,2020,CC100,0,51321.06,Benefits - CC100 - 2024-02
JE-000050,1,6020,CC200,35433.55,0,Benefits - CC200 - 2024-02
JE-000050,2,2020,CC200,0,35433.55,Benefits - CC200 - 2024-02
JE-000051,1,6020,CC300,18889.57,0,Benefits - CC300 - 2024-02
JE-000051,2,2020,CC300,0,18889.57,Benefits - CC300 - 2024-02
JE-000052,1,6020,CC400,11155.18,0,Benefits - CC400 - 2024-02
JE-000052,2,2020,CC400,0,11155.18,Benefits - CC400 - 2024-02
JE-000053,1,6020,CC500,9343.98,0,Benefits - CC500 - 2024-02
JE-000053,2,2020,CC500,0,9343.98,Benefits - CC500 - 2024-02
JE-000054,1,6020,CC600,14158.01,0,Benefits - CC600 - 2024-02
JE-000054,2,2020,CC600,0,14158.01,Benefits - CC600 - 2024-02
JE-000055,1,6020,CC700,13280.67,0,Benefits - CC700 - 2024-02
JE-000055,2,2020,CC700,0,13280.67,Benefits - CC700 - 2024-02
JE-000056,1,6020,CC800,20062.33,0,Benefits - CC800 - 2024-02
JE-000056,2,2020,CC800,0,20062.33,Benefits - CC800 - 2024-02
JE-000057,1,6020,CC900,40011.66,0,Benefits - CC900 - 2024-02
JE-000057,2,2020,CC900,0,40011.66,Benefits - CC900 - 2024-02
JE-000058,1,6030,CC600,41485.44,0,Rent and facilities - 2024-02
JE-000058,2,1010,CC600,0,41485.44,Rent and facilities - 2024-02
JE-000059,1,6040,CC999,17857.59,0,Depreciation - 2024-02
JE-000059,2,1120,CC999,0,17857.59,Depreciation - 2024-02
JE-000060,1,6050,CC400,68907.54,0,Professional services - 2024-02
JE-000060,2,2010,CC400,0,68907.54,Professional services - 2024-02
JE-000061,1,6060,CC300,38913.1,0,Marketing spend - 2024-02
JE-000061,2,2010,CC300,0,38913.1,Marketing spend - 2024-02
JE-000062,1,6070,CC200,4945.0,0,Travel and entertainment - 2024-02
JE-000062,2,1010,CC200,0,4945.0,Travel and entertainment - 2024-02
JE-000063,1,6080,CC100,28100.59,0,Software subscriptions - 2024-02
JE-000063,2,2010,CC100,0,28100.59,Software subscriptions - 2024-02
JE-000064,1,6100,CC600,8753.24,0,Utilities - 2024-02
JE-000064,2,2010,CC600,0,8753.24,Utilities - 2024-02
JE-000065,1,7010,CC400,6136.88,0,Interest expense - 2024-02
JE-000065,2,1010,CC400,0,6136.88,Interest expense - 2024-02
JE-000066,1,1010,CC400,490627.9,0,Cash collections - 2024-02
JE-000066,2,1020,CC400,0,490627.9,Cash collections - 2024-02
JE-000067,1,2010,CC400,267938.66,0,AP payments - 2024-02
JE-000067,2,1010,CC400,0,267938.66,AP payments - 2024-02
JE-000068,1,1020,CC200,372377.18,0,Product revenue - 2024-03
JE-000068,2,4010,CC200,0,372377.18,Product revenue - 2024-03
JE-000069,1,1020,CC200,160904.59,0,Service revenue - 2024-03
JE-000069,2,4020,CC200,0,160904.59,Service revenue - 2024-03
JE-000070,1,1020,CC200,78160.04,0,Subscription revenue - 2024-03
JE-000070,2,4030,CC200,0,78160.04,Subscription revenue - 2024-03
JE-000071,1,5010,CC600,221892.38,0,COGS product - 2024-03
JE-000071,2,1030,CC600,0,221892.38,COGS product - 2024-03
JE-000072,1,5020,CC600,60772.74,0,COGS services - 2024-03
JE-000072,2,2020,CC600,0,60772.74,COGS services - 2024-03
JE-000073,1,5030,CC900,21350.49,0,COGS subscriptions - 2024-03
JE-000073,2,2020,CC900,0,21350.49,COGS subscriptions - 2024-03
JE-000074,1,6010,CC100,181207.86,0,Payroll - CC100 - 2024-03
JE-000074,2,1010,CC100,0,181207.86,Payroll - CC100 - 2024-03
JE-000075,1,6010,CC200,121604.59,0,Payroll - CC200 - 2024-03
JE-000075,2,1010,CC200,0,121604.59,Payroll - CC200 - 2024-03
JE-000076,1,6010,CC300,65081.61,0,Payroll - CC300 - 2024-03
JE-000076,2,1010,CC300,0,65081.61,Payroll - CC300 - 2024-03
JE-000077,1,6010,CC400,47567.06,0,Payroll - CC400 - 2024-03
JE-000077,2,1010,CC400,0,47567.06,Payroll - CC400 - 2024-03
JE-000078,1,6010,CC500,34840.99,0,Payroll - CC500 - 2024-03
JE-000078,2,1010,CC500,0,34840.99,Payroll - CC500 - 2024-03
JE-000079,1,6010,CC600,58963.77,0,Payroll - CC600 - 2024-03
JE-000079,2,1010,CC600,0,58963.77,Payroll - CC600 - 2024-03
JE-000080,1,6010,CC700,52021.83,0,Payroll - CC700 - 2024-03
JE-000080,2,1010,CC700,0,52021.83,Payroll - CC700 - 2024-03
JE-000081,1,6010,CC800,73790.7,0,Payroll - CC800 - 2024-03
JE-000081,2,1010,CC800,0,73790.7,Payroll - CC800 - 2024-03
JE-000082,1,6010,CC900,148319.95,0,Payroll - CC900 - 2024-03
JE-000082,2,1010,CC900,0,148319.95,Payroll - CC900 - 2024-03
JE-000083,1,6020,CC100,49918.47,0,Benefits - CC100 - 2024-03
JE-000083,2,2020,CC100,0,49918.47,Benefits - CC100 - 2024-03
JE-000084,1,6020,CC200,30953.9,0,Benefits - CC200 - 2024-03
JE-000084,2,2020,CC200,0,30953.9,Benefits - CC200 - 2024-03
JE-000085,1,6020,CC300,16423.72,0,Benefits - CC300 - 2024-03
JE-000085,2,2020,CC300,0,16423.72,Benefits - CC300 - 2024-03
JE-000086,1,6020,CC400,12152.55,0,Benefits - CC400 - 2024-03
JE-000086,2,2020,CC400,0,12152.55,Benefits - CC400 - 2024-03
JE-000087,1,6020,CC500,9803.29,0,Benefits - CC500 - 2024-03
JE-000087,2,2020,CC500,0,9803.29,Benefits - CC500 - 2024-03
JE-000088,1,6020,CC600,17076.14,0,Benefits - CC600 - 2024-03
JE-000088,2,2020,CC600,0,17076.14,Benefits - CC600 - 2024-03
JE-000089,1,6020,CC700,14103.54,0,Benefits - CC700 - 2024-03
JE-000089,2,2020,CC700,0,14103.54,Benefits - CC700 - 2024-03
JE-000090,1,6020,CC800,18682.06,0,Benefits - CC800 - 2024-03
JE-000090,2,2020,CC800,0,18682.06,Benefits - CC800 - 2024-03
JE-000091,1,6020,CC900,39910.08,0,Benefits - CC900 - 2024-03
JE-000091,2,2020,CC900,0,39910.08,Benefits - CC900 - 2024-03
JE-000092,1,6030,CC600,45401.82,0,Rent and facilities - 2024-03
JE-000092,2,1010,CC600,0,45401.82,Rent and facilities - 2024-03
JE-000093,1,6040,CC999,18613.47,0,Depreciation - 2024-03
JE-000093,2,1120,CC999,0,18613.47,Depreciation - 2024-03
JE-000094,1,6050,CC400,34551.4,0,Professional services - 2024-03
JE-000094,2,2010,CC400,0,34551.4,Professional services - 2024-03
JE-000095,1,6060,CC300,44615.83,0,Marketing spend - 2024-03
JE-000095,2,2010,CC300,0,44615.83,Marketing spend - 2024-03
JE-000096,1,6070,CC800,10213.18,0,Travel and entertainment - 2024-03
JE-000096,2,1010,CC800,0,10213.18,Travel and entertainment - 2024-03
JE-000097,1,6080,CC100,28028.31,0,Software subscriptions - 2024-03
JE-000097,2,2010,CC100,0,28028.31,Software subscriptions - 2024-03
JE-000098,1,6090,CC999,13289.12,0,Insurance - 2024-Q1
JE-000098,2,1040,CC999,0,13289.12,Insurance - 2024-Q1
JE-000099,1,6100,CC600,8052.57,0,Utilities - 2024-03
JE-000099,2,2010,CC600,0,8052.57,Utilities - 2024-03
JE-000100,1,7010,CC400,6340.67,0,Interest expense - 2024-03
JE-000100,2,1010,CC400,0,6340.67,Interest expense - 2024-03
JE-000101,1,7020,CC400,58254.03,0,Tax provision - 2024-Q1
JE-000101,2,2020,CC400,0,58254.03,Tax provision - 2024-Q1
JE-000102,1,1010,CC400,489391.57,0,Cash collections - 2024-03
JE-000102,2,1020,CC400,0,489391.57,Cash collections - 2024-03
JE-000103,1,2010,CC400,267716.69,0,AP payments - 2024-03
JE-000103,2,1010,CC400,0,267716.69,AP payments - 2024-03
JE-000104,1,1020,CC200,386980.75,0,Product revenue - 2024-04
JE-000104,2,4010,CC200,0,386980.75,Product revenue - 2024-04
JE-000105,1,1020,CC200,133603.55,0,Service revenue - 2024-04
JE-000105,2,4020,CC200,0,133603.55,Service revenue - 2024-04
JE-000106,1,1020,CC200,90674.62,0,Subscription revenue - 2024-04
JE-000106,2,4030,CC200,0,90674.62,Subscription revenue - 2024-04
JE-000107,1,5010,CC600,215721.94,0,COGS product - 2024-04
JE-000107,2,1030,CC600,0,215721.94,COGS product - 2024-04
JE-000108,1,5020,CC600,52609.21,0,COGS services - 2024-04
JE-000108,2,2020,CC600,0,52609.21,COGS services - 2024-04
JE-000109,1,5030,CC900,24240.37,0,COGS subscriptions - 2024-04
JE-000109,2,2020,CC900,0,24240.37,COGS subscriptions - 2024-04
JE-000110,1,6010,CC100,179064.37,0,Payroll - CC100 - 2024-04
JE-000110,2,1010,CC100,0,179064.37,Payroll - CC100 - 2024-04
JE-000111,1,6010,CC200,114678.11,0,Payroll - CC200 - 2024-04
JE-000111,2,1010,CC200,0,114678.11,Payroll - CC200 - 2024-04
JE-000112,1,6010,CC300,64903.84,0,Payroll - CC300 - 2024-04
JE-000112,2,1010,CC300,0,64903.84,Payroll - CC300 - 2024-04
JE-000113,1,6010,CC400,44166.23,0,Payroll - CC400 - 2024-04
JE-000113,2,1010,CC400,0,44166.23,Payroll - CC400 - 2024-04
JE-000114,1,6010,CC500,35633.92,0,Payroll - CC500 - 2024-04
JE-000114,2,1010,CC500,0,35633.92,Payroll - CC500 - 2024-04
JE-000115,1,6010,CC600,61496.26,0,Payroll - CC600 - 2024-04
JE-000115,2,1010,CC600,0,61496.26,Payroll - CC600 - 2024-04
JE-000116,1,6010,CC700,48371.73,0,Payroll - CC700 - 2024-04
JE-000116,2,1010,CC700,0,48371.73,Payroll - CC700 - 2024-04
JE-000117,1,6010,CC800,77356.71,0,Payroll - CC800 - 2024-04
JE-000117,2,1010,CC800,0,77356.71,Payroll - CC800 - 2024-04
JE-000118,1,6010,CC900,141687.96,0,Payroll - CC900 - 2024-04
JE-000118,2,1010,CC900,0,141687.96,Payroll - CC900 - 2024-04
JE-000119,1,6020,CC100,49140.69,0,Benefits - CC100 - 2024-04
JE-000119,2,2020,CC100,0,49140.69,Benefits - CC100 - 2024-04
JE-000120,1,6020,CC200,29310.97,0,Benefits - CC200 - 2024-04
JE-000120,2,2020,CC200,0,29310.97,Benefits - CC200 - 2024-04
JE-000121,1,6020,CC300,17403.9,0,Benefits - CC300 - 2024-04
JE-000121,2,2020,CC300,0,17403.9,Benefits - CC300 - 2024-04
JE-000122,1,6020,CC400,13217.45,0,Benefits - CC400 - 2024-04
JE-000122,2,2020,CC400,0,13217.45,Benefits - CC400 - 2024-04
JE-000123,1,6020,CC500,10345.91,0,Benefits - CC500 - 2024-04
JE-000123,2,2020,CC500,0,10345.91,Benefits - CC500 - 2024-04
JE-000124,1,6020,CC600,16110.34,0,Benefits - CC600 - 2024-04
JE-000124,2,2020,CC600,0,16110.34,Benefits - CC600 - 2024-04
JE-000125,1,6020,CC700,12675.5,0,Benefits - CC700 - 2024-04
JE-000125,2,2020,CC700,0,12675.5,Benefits - CC700 - 2024-04
JE-000126,1,6020,CC800,21533.62,0,Benefits - CC800 - 2024-04
JE-000126,2,2020,CC800,0,21533.62,Benefits - CC800 - 2024-04
JE-000127,1,6020,CC900,35979.94,0,Benefits - CC900 - 2024-04
JE-000127,2,2020,CC900,0,35979.94,Benefits - CC900 - 2024-04
JE-000128,1,6030,CC600,41791.27,0,Rent and facilities - 2024-04
JE-000128,2,1010,CC600,0,41791.27,Rent and facilities - 2024-04
JE-000129,1,6040,CC999,17085.9,0,Depreciation - 2024-04
JE-000129,2,1120,CC999,0,17085.9,Depreciation - 2024-04
JE-000130,1,6050,CC800,27386.72,0,Professional services - 2024-04
JE-000130,2,2010,CC800,0,27386.72,Professional services - 2024-04
JE-000131,1,6060,CC300,51043.94,0,Marketing spend - 2024-04
JE-000131,2,2010,CC300,0,51043.94,Marketing spend - 2024-04
JE-000132,1,6070,CC300,7007.28,0,Travel and entertainment - 2024-04
JE-000132,2,1010,CC300,0,7007.28,Travel and entertainment - 2024-04
JE-000133,1,6080,CC100,28586.27,0,Software subscriptions - 2024-04
JE-000133,2,2010,CC100,0,28586.27,Software subscriptions - 2024-04
JE-000134,1,6100,CC600,7154.64,0,Utilities - 2024-04
JE-000134,2,2010,CC600,0,7154.64,Utilities - 2024-04
JE-000135,1,7010,CC400,6152.74,0,Interest expense - 2024-04
JE-000135,2,1010,CC400,0,6152.74,Interest expense - 2024-04
JE-000136,1,1010,CC400,559744.19,0,Cash collections - 2024-04
JE-000136,2,1020,CC400,0,559744.19,Cash collections - 2024-04
JE-000137,1,2010,CC400,274411.3,0,AP payments - 2024-04
JE-000137,2,1010,CC400,0,274411.3,AP payments - 2024-04
JE-000138,1,1020,CC200,400202.06,0,Product revenue - 2024-05
JE-000138,2,4010,CC200,0,400202.06,Product revenue - 2024-05
JE-000139,1,1020,CC200,149206.58,0,Service revenue - 2024-05
JE-000139,2,4020,CC200,0,149206.58,Service revenue - 2024-05
JE-000140,1,1020,CC200,89144.19,0,Subscription revenue - 2024-05
JE-000140,2,4030,CC200,0,89144.19,Subscription revenue - 2024-05
JE-000141,1,5010,CC600,238927.87,0,COGS product - 2024-05
JE-000141,2,1030,CC600,0,238927.87,COGS product - 2024-05
JE-000142,1,5020,CC600,56122.48,0,COGS services - 2024-05
JE-000142,2,2020,CC600,0,56122.48,COGS services - 2024-05
JE-000143,1,5030,CC900,24244.47,0,COGS subscriptions - 2024-05
JE-000143,2,2020,CC900,0,24244.47,COGS subscriptions - 2024-05
JE-000144,1,6010,CC100,180090.57,0,Payroll - CC100 - 2024-05
JE-000144,2,1010,CC100,0,180090.57,Payroll - CC100 - 2024-05
JE-000145,1,6010,CC200,114239.64,0,Payroll - CC200 - 2024-05
JE-000145,2,1010,CC200,0,114239.64,Payroll - CC200 - 2024-05
JE-000146,1,6010,CC300,65679.64,0,Payroll - CC300 - 2024-05
JE-000146,2,1010,CC300,0,65679.64,Payroll - CC300 - 2024-05
JE-000147,1,6010,CC400,45379.47,0,Payroll - CC400 - 2024-05
JE-000147,2,1010,CC400,0,45379.47,Payroll - CC400 - 2024-05
JE-000148,1,6010,CC500,35121.1,0,Payroll - CC500 - 2024-05
JE-000148,2,1010,CC500,0,35121.1,Payroll - CC500 - 2024-05
JE-000149,1,6010,CC600,51229.69,0,Payroll - CC600 - 2024-05
JE-000149,2,1010,CC600,0,51229.69,Payroll - CC600 - 2024-05
JE-000150,1,6010,CC700,48892.83,0,Payroll - CC700 - 2024-05
JE-000150,2,1010,CC700,0,48892.83,Payroll - CC700 - 2024-05
JE-000151,1,6010,CC800,78134.26,0,Payroll - CC800 - 2024-05
JE-000151,2,1010,CC800,0,78134.26,Payroll - CC800 - 2024-05
JE-000152,1,6010,CC900,145354.27,0,Payroll - CC900 - 2024-05
JE-000152,2,1010,CC900,0,145354.27,Payroll - CC900 - 2024-05
JE-000153,1,6020,CC100,45552.77,0,Benefits - CC100 - 2024-05
JE-000153,2,2020,CC100,0,45552.77,Benefits - CC100 - 2024-05
JE-000154,1,6020,CC200,28944.9,0,Benefits - CC200 - 2024-05
JE-000154,2,2020,CC200,0,28944.9,Benefits - CC200 - 2024-05
JE-000155,1,6020,CC300,16523.07,0,Benefits - CC300 - 2024-05
JE-000155,2,2020,CC300,0,16523.07,Benefits - CC300 - 2024-05
JE-000156,1,6020,CC400,12094.6,0,Benefits - CC400 - 2024-05
JE-000156,2,2020,CC400,0,12094.6,Benefits - CC400 - 2024-05
JE-000157,1,6020,CC500,9683.16,0,Benefits - CC500 - 2024-05
JE-000157,2,2020,CC500,0,9683.16,Benefits - CC500 - 2024-05
JE-000158,1,6020,CC600,13520.74,0,Benefits - CC600 - 2024-05
JE-000158,2,2020,CC600,0,13520.74,Benefits - CC600 - 2024-05
JE-000159,1,6020,CC700,13409.87,0,Benefits - CC700 - 2024-05
JE-000159,2,2020,CC700,0,13409.87,Benefits - CC700 - 2024-05
JE-000160,1,6020,CC800,21640.2,0,Benefits - CC800 - 2024-05
JE-000160,2,2020,CC800,0,21640.2,Benefits - CC800 - 2024-05
JE-000161,1,6020,CC900,41595.69,0,Benefits - CC900 - 2024-05
JE-000161,2,2020,CC900,0,41595.69,Benefits - CC900 - 2024-05
JE-000162,1,6030,CC600,42968.53,0,Rent and facilities - 2024-05
JE-000162,2,1010,CC600,0,42968.53,Rent and facilities - 2024-05
JE-000163,1,6040,CC999,17558.7,0,Depreciation - 2024-05
JE-000163,2,1120,CC999,0,17558.7,Depreciation - 2024-05
JE-000164,1,6060,CC300,40762.17,0,Marketing spend - 2024-05
JE-000164,2,2010,CC300,0,40762.17,Marketing spend - 2024-05
JE-000165,1,6070,CC200,12691.15,0,Travel and entertainment - 2024-05
JE-000165,2,1010,CC200,0,12691.15,Travel and entertainment - 2024-05
JE-000166,1,6080,CC100,30613.26,0,Software subscriptions - 2024-05
JE-000166,2,2010,CC100,0,30613.26,Software subscriptions - 2024-05
JE-000167,1,6100,CC600,9107.57,0,Utilities - 2024-05
JE-000167,2,2010,CC600,0,9107.57,Utilities - 2024-05
JE-000168,1,7010,CC400,6001.0,0,Interest expense - 2024-05
JE-000168,2,1010,CC400,0,6001.0,Interest expense - 2024-05
JE-000169,1,1010,CC400,566708.68,0,Cash collections - 2024-05
JE-000169,2,1020,CC400,0,566708.68,Cash collections - 2024-05
JE-000170,1,2010,CC400,274583.95,0,AP payments - 2024-05
JE-000170,2,1010,CC400,0,274583.95,AP payments - 2024-05
JE-000171,1,1020,CC200,411307.69,0,Product revenue - 2024-06
JE-000171,2,4010,CC200,0,411307.69,Product revenue - 2024-06
JE-000172,1,1020,CC200,177454.54,0,Service revenue - 2024-06
JE-000172,2,4020,CC200,0,177454.54,Service revenue - 2024-06
JE-000173,1,1020,CC200,90035.23,0,Subscription revenue - 2024-06
JE-000173,2,4030,CC200,0,90035.23,Subscription revenue - 2024-06
JE-000174,1,5010,CC600,237811.32,0,COGS product - 2024-06
JE-000174,2,1030,CC600,0,237811.32,COGS product - 2024-06
JE-000175,1,5020,CC600,66323.84,0,COGS services - 2024-06
JE-000175,2,2020,CC600,0,66323.84,COGS services - 2024-06
JE-000176,1,5030,CC900,24213.52,0,COGS subscriptions - 2024-06
JE-000176,2,2020,CC900,0,24213.52,COGS subscriptions - 2024-06
JE-000177,1,6010,CC100,185027.42,0,Payroll - CC100 - 2024-06
JE-000177,2,1010,CC100,0,185027.42,Payroll - CC100 - 2024-06
JE-000178,1,6010,CC200,125196.48,0,Payroll - CC200 - 2024-06
JE-000178,2,1010,CC200,0,125196.48,Payroll - CC200 - 2024-06
JE-000179,1,6010,CC300,62021.65,0,Payroll - CC300 - 2024-06
JE-000179,2,1010,CC300,0,62021.65,Payroll - CC300 - 2024-06
JE-000180,1,6010,CC400,45664.33,0,Payroll - CC400 - 2024-06
JE-000180,2,1010,CC400,0,45664.33,Payroll - CC400 - 2024-06
JE-000181,1,6010,CC500,34797.12,0,Payroll - CC500 - 2024-06
JE-000181,2,1010,CC500,0,34797.12,Payroll - CC500 - 2024-06
JE-000182,1,6010,CC600,57238.08,0,Payroll - CC600 - 2024-06
JE-000182,2,1010,CC600,0,57238.08,Payroll - CC600 - 2024-06
JE-000183,1,6010,CC700,52396.78,0,Payroll - CC700 - 2024-06
JE-000183,2,1010,CC700,0,52396.78,Payroll - CC700 - 2024-06
JE-000184,1,6010,CC800,73996.56,0,Payroll - CC800 - 2024-06
JE-000184,2,1010,CC800,0,73996.56,Payroll - CC800 - 2024-06
JE-000185,1,6010,CC900,149070.63,0,Payroll - CC900 - 2024-06
JE-000185,2,1010,CC900,0,149070.63,Payroll - CC900 - 2024-06
JE-000186,1,6020,CC100,46724.87,0,Benefits - CC100 - 2024-06
JE-000186,2,2020,CC100,0,46724.87,Benefits - CC100 - 2024-06
JE-000187,1,6020,CC200,37554.45,0,Benefits - CC200 - 2024-06
JE-000187,2,2020,CC200,0,37554.45,Benefits - CC200 - 2024-06
JE-000188,1,6020,CC300,18098.0,0,Benefits - CC300 - 2024-06
JE-000188,2,2020,CC300,0,18098.0,Benefits - CC300 - 2024-06
JE-000189,1,6020,CC400,13628.51,0,Benefits - CC400 - 2024-06
JE-000189,2,2020,CC400,0,13628.51,Benefits - CC400 - 2024-06
JE-000190,1,6020,CC500,10311.02,0,Benefits - CC500 - 2024-06
JE-000190,2,2020,CC500,0,10311.02,Benefits - CC500 - 2024-06
JE-000191,1,6020,CC600,16738.4,0,Benefits - CC600 - 2024-06
JE-000191,2,2020,CC600,0,16738.4,Benefits - CC600 - 2024-06
JE-000192,1,6020,CC700,13534.9,0,Benefits - CC700 - 2024-06
JE-000192,2,2020,CC700,0,13534.9,Benefits - CC700 - 2024-06
JE-000193,1,6020,CC800,20295.93,0,Benefits - CC800 - 2024-06
JE-000193,2,2020,CC800,0,20295.93,Benefits - CC800 - 2024-06
JE-000194,1,6020,CC900,38860.83,0,Benefits - CC900 - 2024-06
JE-000194,2,2020,CC900,0,38860.83,Benefits - CC900 - 2024-06
JE-000195,1,6030,CC600,41032.7,0,Rent and facilities - 2024-06
JE-000195,2,1010,CC600,0,41032.7,Rent and facilities - 2024-06
JE-000196,1,6040,CC999,17858.71,0,Depreciation - 2024-06
JE-000196,2,1120,CC999,0,17858.71,Depreciation - 2024-06
JE-000197,1,6050,CC100,38037.37,0,Professional services - 2024-06
JE-000197,2,2010,CC100,0,38037.37,Professional services - 2024-06
JE-000198,1,6060,CC300,50346.24,0,Marketing spend - 2024-06
JE-000198,2,2010,CC300,0,50346.24,Marketing spend - 2024-06
JE-000199,1,6070,CC300,18971.62,0,Travel and entertainment - 2024-06
JE-000199,2,1010,CC300,0,18971.62,Travel and entertainment - 2024-06
JE-000200,1,6080,CC100,26982.18,0,Software subscriptions - 2024-06
JE-000200,2,2010,CC100,0,26982.18,Software subscriptions - 2024-06
JE-000201,1,6090,CC999,16506.73,0,Insurance - 2024-Q2
JE-000201,2,1040,CC999,0,16506.73,Insurance - 2024-Q2
JE-000202,1,6100,CC600,8286.3,0,Utilities - 2024-06
JE-000202,2,2010,CC600,0,8286.3,Utilities - 2024-06
JE-000203,1,7010,CC400,5852.82,0,Interest expense - 2024-06
JE-000203,2,1010,CC400,0,5852.82,Interest expense - 2024-06
JE-000204,1,7020,CC400,76997.9,0,Tax provision - 2024-Q2
JE-000204,2,2020,CC400,0,76997.9,Tax provision - 2024-Q2
JE-000205,1,1010,CC400,582680.13,0,Cash collections - 2024-06
JE-000205,2,1020,CC400,0,582680.13,Cash collections - 2024-06
JE-000206,1,2010,CC400,256269.57,0,AP payments - 2024-06
JE-000206,2,1010,CC400,0,256269.57,AP payments - 2024-06
JE-000207,1,1020,CC200,442836.77,0,Product revenue - 2024-07
JE-000207,2,4010,CC200,0,442836.77,Product revenue - 2024-07
JE-000208,1,1020,CC200,194355.7,0,Service revenue - 2024-07
JE-000208,2,4020,CC200,0,194355.7,Service revenue - 2024-07
JE-000209,1,1020,CC200,99583.36,0,Subscription revenue - 2024-07
JE-000209,2,4030,CC200,0,99583.36,Subscription revenue - 2024-07
JE-000210,1,5010,CC600,253281.53,0,COGS product - 2024-07
JE-000210,2,1030,CC600,0,253281.53,COGS product - 2024-07
JE-000211,1,5020,CC600,68706.68,0,COGS services - 2024-07
JE-000211,2,2020,CC600,0,68706.68,COGS services - 2024-07
JE-000212,1,5030,CC900,23715.09,0,COGS subscriptions - 2024-07
JE-000212,2,2020,CC900,0,23715.09,COGS subscriptions - 2024-07
JE-000213,1,6010,CC100,183233.78,0,Payroll - CC100 - 2024-07
JE-000213,2,1010,CC100,0,183233.78,Payroll - CC100 - 2024-07
JE-000214,1,6010,CC200,128610.06,0,Payroll - CC200 - 2024-07
JE-000214,2,1010,CC200,0,128610.06,Payroll - CC200 - 2024-07
JE-000215,1,6010,CC300,63208.74,0,Payroll - CC300 - 2024-07
JE-000215,2,1010,CC300,0,63208.74,Payroll - CC300 - 2024-07
JE-000216,1,6010,CC400,47231.0,0,Payroll - CC400 - 2024-07
JE-000216,2,1010,CC400,0,47231.0,Payroll - CC400 - 2024-07
JE-000217,1,6010,CC500,35624.83,0,Payroll - CC500 - 2024-07
JE-000217,2,1010,CC500,0,35624.83,Payroll - CC500 - 2024-07
JE-000218,1,6010,CC600,55672.09,0,Payroll - CC600 - 2024-07
JE-000218,2,1010,CC600,0,55672.09,Payroll - CC600 - 2024-07
JE-000219,1,6010,CC700,49242.64,0,Payroll - CC700 - 2024-07
JE-000219,2,1010,CC700,0,49242.64,Payroll - CC700 - 2024-07
JE-000220,1,6010,CC800,78621.84,0,Payroll - CC800 - 2024-07
JE-000220,2,1010,CC800,0,78621.84,Payroll - CC800 - 2024-07
JE-000221,1,6010,CC900,149119.92,0,Payroll - CC900 - 2024-07
JE-000221,2,1010,CC900,0,149119.92,Payroll - CC900 - 2024-07
JE-000222,1,6020,CC100,49507.71,0,Benefits - CC100 - 2024-07
JE-000222,2,2020,CC100,0,49507.71,Benefits - CC100 - 2024-07
JE-000223,1,6020,CC200,38207.45,0,Benefits - CC200 - 2024-07
JE-000223,2,2020,CC200,0,38207.45,Benefits - CC200 - 2024-07
JE-000224,1,6020,CC300,17602.61,0,Benefits - CC300 - 2024-07
JE-000224,2,2020,CC300,0,17602.61,Benefits - CC300 - 2024-07
JE-000225,1,6020,CC400,13174.9,0,Benefits - CC400 - 2024-07
JE-000225,2,2020,CC400,0,13174.9,Benefits - CC400 - 2024-07
JE-000226,1,6020,CC500,8977.0,0,Benefits - CC500 - 2024-07
JE-000226,2,2020,CC500,0,8977.0,Benefits - CC500 - 2024-07
JE-000227,1,6020,CC600,14146.23,0,Benefits - CC600 - 2024-07
JE-000227,2,2020,CC600,0,14146.23,Benefits - CC600 - 2024-07
JE-000228,1,6020,CC700,13929.2,0,Benefits - CC700 - 2024-07
JE-000228,2,2020,CC700,0,13929.2,Benefits - CC700 - 2024-07
JE-000229,1,6020,CC800,21877.42,0,Benefits - CC800 - 2024-07
JE-000229,2,2020,CC800,0,21877.42,Benefits - CC800 - 2024-07
JE-000230,1,6020,CC900,39638.83,0,Benefits - CC900 - 2024-07
JE-000230,2,2020,CC900,0,39638.83,Benefits - CC900 - 2024-07
JE-000231,1,6030,CC600,41899.39,0,Rent and facilities - 2024-07
JE-000231,2,1010,CC600,0,41899.39,Rent and facilities - 2024-07
JE-000232,1,6040,CC999,18742.55,0,Depreciation - 2024-07
JE-000232,2,1120,CC999,0,18742.55,Depreciation - 2024-07
JE-000233,1,6050,CC800,34221.78,0,Professional services - 2024-07
JE-000233,2,2010,CC800,0,34221.78,Professional services - 2024-07
JE-000234,1,6060,CC300,64391.68,0,Marketing spend - 2024-07
JE-000234,2,2010,CC300,0,64391.68,Marketing spend - 2024-07
JE-000235,1,6070,CC200,10922.4,0,Travel and entertainment - 2024-07
JE-000235,2,1010,CC200,0,10922.4,Travel and entertainment - 2024-07
JE-000236,1,6080,CC100,30487.54,0,Software subscriptions - 2024-07
JE-000236,2,2010,CC100,0,30487.54,Software subscriptions - 2024-07
JE-000237,1,6100,CC600,9890.91,0,Utilities - 2024-07
JE-000237,2,2010,CC600,0,9890.91,Utilities - 2024-07
JE-000238,1,7010,CC400,6216.3,0,Interest expense - 2024-07
JE-000238,2,1010,CC400,0,6216.3,Interest expense - 2024-07
JE-000239,1,1010,CC400,639196.68,0,Cash collections - 2024-07
JE-000239,2,1020,CC400,0,639196.68,Cash collections - 2024-07
JE-000240,1,2010,CC400,275072.03,0,AP payments - 2024-07
JE-000240,2,1010,CC400,0,275072.03,AP payments - 2024-07
JE-000241,1,1020,CC200,410697.53,0,Product revenue - 2024-08
JE-000241,2,4010,CC200,0,410697.53,Product revenue - 2024-08
JE-000242,1,1020,CC200,184618.77,0,Service revenue - 2024-08
JE-000242,2,4020,CC200,0,184618.77,Service revenue - 2024-08
JE-000243,1,1020,CC200,103024.82,0,Subscription revenue - 2024-08
JE-000243,2,4030,CC200,0,103024.82,Subscription revenue - 2024-08
JE-000244,1,5010,CC600,227861.31,0,COGS product - 2024-08
JE-000244,2,1030,CC600,0,227861.31,COGS product - 2024-08
JE-000245,1,5020,CC600,67773.53,0,COGS services - 2024-08
JE-000245,2,2020,CC600,0,67773.53,COGS services - 2024-08
JE-000246,1,5030,CC900,22953.83,0,COGS subscriptions - 2024-08
JE-000246,2,2020,CC900,0,22953.83,COGS subscriptions - 2024-08
JE-000247,1,6010,CC100,188425.72,0,Payroll - CC100 - 2024-08
JE-000247,2,1010,CC100,0,188425.72,Payroll - CC100 - 2024-08
JE-000248,1,6010,CC200,110731.22,0,Payroll - CC200 - 2024-08
JE-000248,2,1010,CC200,0,110731.22,Payroll - CC200 - 2024-08
JE-000249,1,6010,CC300,66422.24,0,Payroll - CC300 - 2024-08
JE-000249,2,1010,CC300,0,66422.24,Payroll - CC300 - 2024-08
JE-000250,1,6010,CC400,43138.42,0,Payroll - CC400 - 2024-08
JE-000250,2,1010,CC400,0,43138.42,Payroll - CC400 - 2024-08
JE-000251,1,6010,CC500,39076.5,0,Payroll - CC500 - 2024-08
JE-000251,2,1010,CC500,0,39076.5,Payroll - CC500 - 2024-08
JE-000252,1,6010,CC600,56292.49,0,Payroll - CC600 - 2024-08
JE-000252,2,1010,CC600,0,56292.49,Payroll - CC600 - 2024-08
JE-000253,1,6010,CC700,47127.8,0,Payroll - CC700 - 2024-08
JE-000253,2,1010,CC700,0,47127.8,Payroll - CC700 - 2024-08
JE-000254,1,6010,CC800,73744.76,0,Payroll - CC800 - 2024-08
JE-000254,2,1010,CC800,0,73744.76,Payroll - CC800 - 2024-08
JE-000255,1,6010,CC900,139469.03,0,Payroll - CC900 - 2024-08
JE-000255,2,1010,CC900,0,139469.03,Payroll - CC900 - 2024-08
JE-000256,1,6020,CC100,55884.77,0,Benefits - CC100 - 2024-08
JE-000256,2,2020,CC100,0,55884.77,Benefits - CC100 - 2024-08
JE-000257,1,6020,CC200,28256.32,0,Benefits - CC200 - 2024-08
JE-000257,2,2020,CC200,0,28256.32,Benefits - CC200 - 2024-08
JE-000258,1,6020,CC300,19521.92,0,Benefits - CC300 - 2024-08
JE-000258,2,2020,CC300,0,19521.92,Benefits - CC300 - 2024-08
JE-000259,1,6020,CC400,11355.04,0,Benefits - CC400 - 2024-08
JE-000259,2,2020,CC400,0,11355.04,Benefits - CC400 - 2024-08
JE-000260,1,6020,CC500,11507.47,0,Benefits - CC500 - 2024-08
JE-000260,2,2020,CC500,0,11507.47,Benefits - CC500 - 2024-08
JE-000261,1,6020,CC600,16162.75,0,Benefits - CC600 - 2024-08
JE-000261,2,2020,CC600,0,16162.75,Benefits - CC600 - 2024-08
JE-000262,1,6020,CC700,12148.24,0,Benefits - CC700 - 2024-08
JE-000262,2,2020,CC700,0,12148.24,Benefits - CC700 - 2024-08
JE-000263,1,6020,CC800,19475.09,0,Benefits - CC800 - 2024-08
JE-000263,2,2020,CC800,0,19475.09,Benefits - CC800 - 2024-08
JE-000264,1,6020,CC900,36336.07,0,Benefits - CC900 - 2024-08
JE-000264,2,2020,CC900,0,36336.07,Benefits - CC900 - 2024-08
JE-000265,1,6030,CC600,41159.58,0,Rent and facilities - 2024-08
JE-000265,2,1010,CC600,0,41159.58,Rent and facilities - 2024-08
JE-000266,1,6040,CC999,18636.39,0,Depreciation - 2024-08
JE-000266,2,1120,CC999,0,18636.39,Depreciation - 2024-08
JE-000267,1,6050,CC400,23599.13,0,Professional services - 2024-08
JE-000267,2,2010,CC400,0,23599.13,Professional services - 2024-08
JE-000268,1,6060,CC300,57424.4,0,Marketing spend - 2024-08
JE-000268,2,2010,CC300,0,57424.4,Marketing spend - 2024-08
JE-000269,1,6070,CC300,15512.23,0,Travel and entertainment - 2024-08
JE-000269,2,1010,CC300,0,15512.23,Travel and entertainment - 2024-08
JE-000270,1,6080,CC100,29725.56,0,Software subscriptions - 2024-08
JE-000270,2,2010,CC100,0,29725.56,Software subscriptions - 2024-08
JE-000271,1,6100,CC600,9366.55,0,Utilities - 2024-08
JE-000271,2,2010,CC600,0,9366.55,Utilities - 2024-08
JE-000272,1,7010,CC400,6249.27,0,Interest expense - 2024-08
JE-000272,2,1010,CC400,0,6249.27,Interest expense - 2024-08
JE-000273,1,1010,CC400,569635.71,0,Cash collections - 2024-08
JE-000273,2,1020,CC400,0,569635.71,Cash collections - 2024-08
JE-000274,1,2010,CC400,292811.53,0,AP payments - 2024-08
JE-000274,2,1010,CC400,0,292811.53,AP payments - 2024-08
JE-000275,1,1020,CC200,455950.75,0,Product revenue - 2024-09
JE-000275,2,4010,CC200,0,455950.75,Product revenue - 2024-09
JE-000276,1,1020,CC200,203450.68,0,Service revenue - 2024-09
JE-000276,2,4020,CC200,0,203450.68,Service revenue - 2024-09
JE-000277,1,1020,CC200,97897.93,0,Subscription revenue - 2024-09
JE-000277,2,4030,CC200,0,97897.93,Subscription revenue - 2024-09
JE-000278,1,5010,CC600,254343.54,0,COGS product - 2024-09
JE-000278,2,1030,CC600,0,254343.54,COGS product - 2024-09
JE-000279,1,5020,CC600,84666.73,0,COGS services - 2024-09
JE-000279,2,2020,CC600,0,84666.73,COGS services - 2024-09
JE-000280,1,5030,CC900,24991.54,0,COGS subscriptions - 2024-09
JE-000280,2,2020,CC900,0,24991.54,COGS subscriptions - 2024-09
JE-000281,1,6010,CC100,178832.27,0,Payroll - CC100 - 2024-09
JE-000281,2,1010,CC100,0,178832.27,Payroll - CC100 - 2024-09
JE-000282,1,6010,CC200,121284.24,0,Payroll - CC200 - 2024-09
JE-000282,2,1010,CC200,0,121284.24,Payroll - CC200 - 2024-09
JE-000283,1,6010,CC300,65654.64,0,Payroll - CC300 - 2024-09
JE-000283,2,1010,CC300,0,65654.64,Payroll - CC300 - 2024-09
JE-000284,1,6010,CC400,43272.88,0,Payroll - CC400 - 2024-09
JE-000284,2,1010,CC400,0,43272.88,Payroll - CC400 - 2024-09
JE-000285,1,6010,CC500,36393.09,0,Payroll - CC500 - 2024-09
JE-000285,2,1010,CC500,0,36393.09,Payroll - CC500 - 2024-09
JE-000286,1,6010,CC600,54206.97,0,Payroll - CC600 - 2024-09
JE-000286,2,1010,CC600,0,54206.97,Payroll - CC600 - 2024-09
JE-000287,1,6010,CC700,50312.06,0,Payroll - CC700 - 2024-09
JE-000287,2,1010,CC700,0,50312.06,Payroll - CC700 - 2024-09
JE-000288,1,6010,CC800,71931.66,0,Payroll - CC800 - 2024-09
JE-000288,2,1010,CC800,0,71931.66,Payroll - CC800 - 2024-09
JE-000289,1,6010,CC900,153739.38,0,Payroll - CC900 - 2024-09
JE-000289,2,1010,CC900,0,153739.38,Payroll - CC900 - 2024-09
JE-000290,1,6020,CC100,53401.07,0,Benefits - CC100 - 2024-09
JE-000290,2,2020,CC100,0,53401.07,Benefits - CC100 - 2024-09
JE-000291,1,6020,CC200,30562.99,0,Benefits - CC200 - 2024-09
JE-000291,2,2020,CC200,0,30562.99,Benefits - CC200 - 2024-09
JE-000292,1,6020,CC300,17588.25,0,Benefits - CC300 - 2024-09
JE-000292,2,2020,CC300,0,17588.25,Benefits - CC300 - 2024-09
JE-000293,1,6020,CC400,12293.97,0,Benefits - CC400 - 2024-09
JE-000293,2,2020,CC400,0,12293.97,Benefits - CC400 - 2024-09
JE-000294,1,6020,CC500,10311.86,0,Benefits - CC500 - 2024-09
JE-000294,2,2020,CC500,0,10311.86,Benefits - CC500 - 2024-09
JE-000295,1,6020,CC600,14510.34,0,Benefits - CC600 - 2024-09
JE-000295,2,2020,CC600,0,14510.34,Benefits - CC600 - 2024-09
JE-000296,1,6020,CC700,13986.46,0,Benefits - CC700 - 2024-09
JE-000296,2,2020,CC700,0,13986.46,Benefits - CC700 - 2024-09
JE-000297,1,6020,CC800,21128.89,0,Benefits - CC800 - 2024-09
JE-000297,2,2020,CC800,0,21128.89,Benefits - CC800 - 2024-09
JE-000298,1,6020,CC900,45920.7,0,Benefits - CC900 - 2024-09
JE-000298,2,2020,CC900,0,45920.7,Benefits - CC900 - 2024-09
JE-000299,1,6030,CC600,41992.51,0,Rent and facilities - 2024-09
JE-000299,2,1010,CC600,0,41992.51,Rent and facilities - 2024-09
JE-000300,1,6040,CC999,16859.72,0,Depreciation - 2024-09
JE-000300,2,1120,CC999,0,16859.72,Depreciation - 2024-09
JE-000301,1,6060,CC300,69559.29,0,Marketing spend - 2024-09
JE-000301,2,2010,CC300,0,69559.29,Marketing spend - 2024-09
JE-000302,1,6070,CC200,18117.93,0,Travel and entertainment - 2024-09
JE-000302,2,1010,CC200,0,18117.93,Travel and entertainment - 2024-09
JE-000303,1,6080,CC100,28494.05,0,Software subscriptions - 2024-09
JE-000303,2,2010,CC100,0,28494.05,Software subscriptions - 2024-09
JE-000304,1,6090,CC999,14848.09,0,Insurance - 2024-Q3
JE-000304,2,1040,CC999,0,14848.09,Insurance - 2024-Q3
JE-000305,1,6100,CC600,8424.23,0,Utilities - 2024-09
JE-000305,2,2010,CC600,0,8424.23,Utilities - 2024-09
JE-000306,1,7010,CC400,6020.92,0,Interest expense - 2024-09
JE-000306,2,1010,CC400,0,6020.92,Interest expense - 2024-09
JE-000307,1,7020,CC400,92758.82,0,Tax provision - 2024-Q3
JE-000307,2,2020,CC400,0,92758.82,Tax provision - 2024-Q3
JE-000308,1,1010,CC400,678743.35,0,Cash collections - 2024-09
JE-000308,2,1020,CC400,0,678743.35,Cash collections - 2024-09
JE-000309,1,2010,CC400,321845.06,0,AP payments - 2024-09
JE-000309,2,1010,CC400,0,321845.06,AP payments - 2024-09
JE-000310,1,1020,CC200,491437.21,0,Product revenue - 2024-10
JE-000310,2,4010,CC200,0,491437.21,Product revenue - 2024-10
JE-000311,1,1020,CC200,194387.84,0,Service revenue - 2024-10
JE-000311,2,4020,CC200,0,194387.84,Service revenue - 2024-10
JE-000312,1,1020,CC200,109889.95,0,Subscription revenue - 2024-10
JE-000312,2,4030,CC200,0,109889.95,Subscription revenue - 2024-10
JE-000313,1,5010,CC600,300293.53,0,COGS product - 2024-10
JE-000313,2,1030,CC600,0,300293.53,COGS product - 2024-10
JE-000314,1,5020,CC600,79718.75,0,COGS services - 2024-10
JE-000314,2,2020,CC600,0,79718.75,COGS services - 2024-10
JE-000315,1,5030,CC900,23933.45,0,COGS subscriptions - 2024-10
JE-000315,2,2020,CC900,0,23933.45,COGS subscriptions - 2024-10
JE-000316,1,6010,CC100,182674.03,0,Payroll - CC100 - 2024-10
JE-000316,2,1010,CC100,0,182674.03,Payroll - CC100 - 2024-10
JE-000317,1,6010,CC200,123609.78,0,Payroll - CC200 - 2024-10
JE-000317,2,1010,CC200,0,123609.78,Payroll - CC200 - 2024-10
JE-000318,1,6010,CC300,61955.49,0,Payroll - CC300 - 2024-10
JE-000318,2,1010,CC300,0,61955.49,Payroll - CC300 - 2024-10
JE-000319,1,6010,CC400,43789.22,0,Payroll - CC400 - 2024-10
JE-000319,2,1010,CC400,0,43789.22,Payroll - CC400 - 2024-10
JE-000320,1,6010,CC500,37512.83,0,Payroll - CC500 - 2024-10
JE-000320,2,1010,CC500,0,37512.83,Payroll - CC500 - 2024-10
JE-000321,1,6010,CC600,55092.12,0,Payroll - CC600 - 2024-10
JE-000321,2,1010,CC600,0,55092.12,Payroll - CC600 - 2024-10
JE-000322,1,6010,CC700,50541.73,0,Payroll - CC700 - 2024-10
JE-000322,2,1010,CC700,0,50541.73,Payroll - CC700 - 2024-10
JE-000323,1,6010,CC800,75624.03,0,Payroll - CC800 - 2024-10
JE-000323,2,1010,CC800,0,75624.03,Payroll - CC800 - 2024-10
JE-000324,1,6010,CC900,149178.57,0,Payroll - CC900 - 2024-10
JE-000324,2,1010,CC900,0,149178.57,Payroll - CC900 - 2024-10
JE-000325,1,6020,CC100,53563.25,0,Benefits - CC100 - 2024-10
JE-000325,2,2020,CC100,0,53563.25,Benefits - CC100 - 2024-10
JE-000326,1,6020,CC200,36878.29,0,Benefits - CC200 - 2024-10
JE-000326,2,2020,CC200,0,36878.29,Benefits - CC200 - 2024-10
JE-000327,1,6020,CC300,16353.54,0,Benefits - CC300 - 2024-10
JE-000327,2,2020,CC300,0,16353.54,Benefits - CC300 - 2024-10
JE-000328,1,6020,CC400,12351.81,0,Benefits - CC400 - 2024-10
JE-000328,2,2020,CC400,0,12351.81,Benefits - CC400 - 2024-10
JE-000329,1,6020,CC500,10127.86,0,Benefits - CC500 - 2024-10
JE-000329,2,2020,CC500,0,10127.86,Benefits - CC500 - 2024-10
JE-000330,1,6020,CC600,16475.71,0,Benefits - CC600 - 2024-10
JE-000330,2,2020,CC600,0,16475.71,Benefits - CC600 - 2024-10
JE-000331,1,6020,CC700,13990.5,0,Benefits - CC700 - 2024-10
JE-000331,2,2020,CC700,0,13990.5,Benefits - CC700 - 2024-10
JE-000332,1,6020,CC800,22457.45,0,Benefits - CC800 - 2024-10
JE-000332,2,2020,CC800,0,22457.45,Benefits - CC800 - 2024-10
JE-000333,1,6020,CC900,38154.97,0,Benefits - CC900 - 2024-10
JE-000333,2,2020,CC900,0,38154.97,Benefits - CC900 - 2024-10
JE-000334,1,6030,CC600,42616.41,0,Rent and facilities - 2024-10
JE-000334,2,1010,CC600,0,42616.41,Rent and facilities - 2024-10
JE-000335,1,6040,CC999,17942.01,0,Depreciation - 2024-10
JE-000335,2,1120,CC999,0,17942.01,Depreciation - 2024-10
JE-000336,1,6050,CC100,34302.81,0,Professional services - 2024-10
JE-000336,2,2010,CC100,0,34302.81,Professional services - 2024-10
JE-000337,1,6060,CC300,69829.59,0,Marketing spend - 2024-10
JE-000337,2,2010,CC300,0,69829.59,Marketing spend - 2024-10
JE-000338,1,6070,CC300,8024.29,0,Travel and entertainment - 2024-10
JE-000338,2,1010,CC300,0,8024.29,Travel and entertainment - 2024-10
JE-000339,1,6080,CC100,32347.07,0,Software subscriptions - 2024-10
JE-000339,2,2010,CC100,0,32347.07,Software subscriptions - 2024-10
JE-000340,1,6100,CC600,7559.88,0,Utilities - 2024-10
JE-000340,2,2010,CC600,0,7559.88,Utilities - 2024-10
JE-000341,1,7010,CC400,6051.85,0,Interest expense - 2024-10
JE-000341,2,1010,CC400,0,6051.85,Interest expense - 2024-10
JE-000342,1,1010,CC400,673352.69,0,Cash collections - 2024-10
JE-000342,2,1020,CC400,0,673352.69,Cash collections - 2024-10
JE-000343,1,2010,CC400,345251.75,0,AP payments - 2024-10
JE-000343,2,1010,CC400,0,345251.75,AP payments - 2024-10
JE-000344,1,1020,CC200,481660.18,0,Product revenue - 2024-11
JE-000344,2,4010,CC200,0,481660.18,Product revenue - 2024-11
JE-000345,1,1020,CC200,234084.24,0,Service revenue - 2024-11
JE-000345,2,4020,CC200,0,234084.24,Service revenue - 2024-11
JE-000346,1,1020,CC200,122356.15,0,Subscription revenue - 2024-11
JE-000346,2,4030,CC200,0,122356.15,Subscription revenue - 2024-11
JE-000347,1,5010,CC600,283067.66,0,COGS product - 2024-11
JE-000347,2,1030,CC600,0,283067.66,COGS product - 2024-11
JE-000348,1,5020,CC600,93717.99,0,COGS services - 2024-11
JE-000348,2,2020,CC600,0,93717.99,COGS services - 2024-11
JE-000349,1,5030,CC900,31733.8,0,COGS subscriptions - 2024-11
JE-000349,2,2020,CC900,0,31733.8,COGS subscriptions - 2024-11
JE-000350,1,6010,CC100,185121.11,0,Payroll - CC100 - 2024-11
JE-000350,2,1010,CC100,0,185121.11,Payroll - CC100 - 2024-11
JE-000351,1,6010,CC200,116358.34,0,Payroll - CC200 - 2024-11
JE-000351,2,1010,CC200,0,116358.34,Payroll - CC200 - 2024-11
JE-000352,1,6010,CC300,62492.54,0,Payroll - CC300 - 2024-11
JE-000352,2,1010,CC300,0,62492.54,Payroll - CC300 - 2024-11
JE-000353,1,6010,CC400,47673.79,0,Payroll - CC400 - 2024-11
JE-000353,2,1010,CC400,0,47673.79,Payroll - CC400 - 2024-11
JE-000354,1,6010,CC500,35943.24,0,Payroll - CC500 - 2024-11
JE-000354,2,1010,CC500,0,35943.24,Payroll - CC500 - 2024-11
JE-000355,1,6010,CC600,53742.58,0,Payroll - CC600 - 2024-11
JE-000355,2,1010,CC600,0,53742.58,Payroll - CC600 - 2024-11
JE-000356,1,6010,CC700,51900.38,0,Payroll - CC700 - 2024-11
JE-000356,2,1010,CC700,0,51900.38,Payroll - CC700 - 2024-11
JE-000357,1,6010,CC800,76842.76,0,Payroll - CC800 - 2024-11
JE-000357,2,1010,CC800,0,76842.76,Payroll - CC800 - 2024-11
JE-000358,1,6010,CC900,138489.94,0,Payroll - CC900 - 2024-11
JE-000358,2,1010,CC900,0,138489.94,Payroll - CC900 - 2024-11
JE-000359,1,6020,CC100,49060.08,0,Benefits - CC100 - 2024-11
JE-000359,2,2020,CC100,0,49060.08,Benefits - CC100 - 2024-11
JE-000360,1,6020,CC200,30888.98,0,Benefits - CC200 - 2024-11
JE-000360,2,2020,CC200,0,30888.98,Benefits - CC200 - 2024-11
JE-000361,1,6020,CC300,16899.21,0,Benefits - CC300 - 2024-11
JE-000361,2,2020,CC300,0,16899.21,Benefits - CC300 - 2024-11
JE-000362,1,6020,CC400,12877.64,0,Benefits - CC400 - 2024-11
JE-000362,2,2020,CC400,0,12877.64,Benefits - CC400 - 2024-11
JE-000363,1,6020,CC500,9517.15,0,Benefits - CC500 - 2024-11
JE-000363,2,2020,CC500,0,9517.15,Benefits - CC500 - 2024-11
JE-000364,1,6020,CC600,13777.68,0,Benefits - CC600 - 2024-11
JE-000364,2,2020,CC600,0,13777.68,Benefits - CC600 - 2024-11
JE-000365,1,6020,CC700,14066.16,0,Benefits - CC700 - 2024-11
JE-000365,2,2020,CC700,0,14066.16,Benefits - CC700 - 2024-11
JE-000366,1,6020,CC800,22823.7,0,Benefits - CC800 - 2024-11
JE-000366,2,2020,CC800,0,22823.7,Benefits - CC800 - 2024-11
JE-000367,1,6020,CC900,39312.57,0,Benefits - CC900 - 2024-11
JE-000367,2,2020,CC900,0,39312.57,Benefits - CC900 - 2024-11
JE-000368,1,6030,CC600,43132.73,0,Rent and facilities - 2024-11
JE-000368,2,1010,CC600,0,43132.73,Rent and facilities - 2024-11
JE-000369,1,6040,CC999,17603.57,0,Depreciation - 2024-11
JE-000369,2,1120,CC999,0,17603.57,Depreciation - 2024-11
JE-000370,1,6050,CC100,34591.8,0,Professional services - 2024-11
JE-000370,2,2010,CC100,0,34591.8,Professional services - 2024-11
JE-000371,1,6060,CC300,63133.34,0,Marketing spend - 2024-11
JE-000371,2,2010,CC300,0,63133.34,Marketing spend - 2024-11
JE-000372,1,6070,CC800,13738.36,0,Travel and entertainment - 2024-11
JE-000372,2,1010,CC800,0,13738.36,Travel and entertainment - 2024-11
JE-000373,1,6080,CC100,33102.15,0,Software subscriptions - 2024-11
JE-000373,2,2010,CC100,0,33102.15,Software subscriptions - 2024-11
JE-000374,1,6100,CC600,7869.63,0,Utilities - 2024-11
JE-000374,2,2010,CC600,0,7869.63,Utilities - 2024-11
JE-000375,1,7010,CC400,6015.22,0,Interest expense - 2024-11
JE-000375,2,1010,CC400,0,6015.22,Interest expense - 2024-11
JE-000376,1,1010,CC400,714949.38,0,Cash collections - 2024-11
JE-000376,2,1020,CC400,0,714949.38,Cash collections - 2024-11
JE-000377,1,2010,CC400,304480.47,0,AP payments - 2024-11
JE-000377,2,1010,CC400,0,304480.47,AP payments - 2024-11
JE-000378,1,1020,CC200,422020.33,0,Product revenue - 2024-12
JE-000378,2,4010,CC200,0,422020.33,Product revenue - 2024-12
JE-000379,1,1020,CC200,213223.16,0,Service revenue - 2024-12
JE-000379,2,4020,CC200,0,213223.16,Service revenue - 2024-12
JE-000380,1,1020,CC200,110249.98,0,Subscription revenue - 2024-12
JE-000380,2,4030,CC200,0,110249.98,Subscription revenue - 2024-12
JE-000381,1,5010,CC600,234616.16,0,COGS product - 2024-12
JE-000381,2,1030,CC600,0,234616.16,COGS product - 2024-12
JE-000382,1,5020,CC600,82321.55,0,COGS services - 2024-12
JE-000382,2,2020,CC600,0,82321.55,COGS services - 2024-12
JE-000383,1,5030,CC900,27632.53,0,COGS subscriptions - 2024-12
JE-000383,2,2020,CC900,0,27632.53,COGS subscriptions - 2024-12
JE-000384,1,6010,CC100,182077.37,0,Payroll - CC100 - 2024-12
JE-000384,2,1010,CC100,0,182077.37,Payroll - CC100 - 2024-12
JE-000385,1,6010,CC200,112462.54,0,Payroll - CC200 - 2024-12
JE-000385,2,1010,CC200,0,112462.54,Payroll - CC200 - 2024-12
JE-000386,1,6010,CC300,69766.55,0,Payroll - CC300 - 2024-12
JE-000386,2,1010,CC300,0,69766.55,Payroll - CC300 - 2024-12
JE-000387,1,6010,CC400,45021.38,0,Payroll - CC400 - 2024-12
JE-000387,2,1010,CC400,0,45021.38,Payroll - CC400 - 2024-12
JE-000388,1,6010,CC500,32757.9,0,Payroll - CC500 - 2024-12
JE-000388,2,1010,CC500,0,32757.9,Payroll - CC500 - 2024-12
JE-000389,1,6010,CC600,55317.21,0,Payroll - CC600 - 2024-12
JE-000389,2,1010,CC600,0,55317.21,Payroll - CC600 - 2024-12
JE-000390,1,6010,CC700,51644.94,0,Payroll - CC700 - 2024-12
JE-000390,2,1010,CC700,0,51644.94,Payroll - CC700 - 2024-12
JE-000391,1,6010,CC800,76481.26,0,Payroll - CC800 - 2024-12
JE-000391,2,1010,CC800,0,76481.26,Payroll - CC800 - 2024-12
JE-000392,1,6010,CC900,145572.82,0,Payroll - CC900 - 2024-12
JE-000392,2,1010,CC900,0,145572.82,Payroll - CC900 - 2024-12
JE-000393,1,6020,CC100,49844.92,0,Benefits - CC100 - 2024-12
JE-000393,2,2020,CC100,0,49844.92,Benefits - CC100 - 2024-12
JE-000394,1,6020,CC200,32893.82,0,Benefits - CC200 - 2024-12
JE-000394,2,2020,CC200,0,32893.82,Benefits - CC200 - 2024-12
JE-000395,1,6020,CC300,17695.69,0,Benefits - CC300 - 2024-12
JE-000395,2,2020,CC300,0,17695.69,Benefits - CC300 - 2024-12
JE-000396,1,6020,CC400,12188.28,0,Benefits - CC400 - 2024-12
JE-000396,2,2020,CC400,0,12188.28,Benefits - CC400 - 2024-12
JE-000397,1,6020,CC500,9220.96,0,Benefits - CC500 - 2024-12
JE-000397,2,2020,CC500,0,9220.96,Benefits - CC500 - 2024-12
JE-000398,1,6020,CC600,14367.08,0,Benefits - CC600 - 2024-12
JE-000398,2,2020,CC600,0,14367.08,Benefits - CC600 - 2024-12
JE-000399,1,6020,CC700,14709.39,0,Benefits - CC700 - 2024-12
JE-000399,2,2020,CC700,0,14709.39,Benefits - CC700 - 2024-12
JE-000400,1,6020,CC800,21010.84,0,Benefits - CC800 - 2024-12
JE-000400,2,2020,CC800,0,21010.84,Benefits - CC800 - 2024-12
JE-000401,1,6020,CC900,38169.08,0,Benefits - CC900 - 2024-12
JE-000401,2,2020,CC900,0,38169.08,Benefits - CC900 - 2024-12
JE-000402,1,6030,CC600,41941.31,0,Rent and facilities - 2024-12
JE-000402,2,1010,CC600,0,41941.31,Rent and facilities - 2024-12
JE-000403,1,6040,CC999,17956.19,0,Depreciation - 2024-12
JE-000403,2,1120,CC999,0,17956.19,Depreciation - 2024-12
JE-000404,1,6050,CC100,35894.63,0,Professional services - 2024-12
JE-000404,2,2010,CC100,0,35894.63,Professional services - 2024-12
JE-000405,1,6060,CC300,56749.98,0,Marketing spend - 2024-12
JE-000405,2,2010,CC300,0,56749.98,Marketing spend - 2024-12
JE-000406,1,6070,CC800,13405.01,0,Travel and entertainment - 2024-12
JE-000406,2,1010,CC800,0,13405.01,Travel and entertainment - 2024-12
JE-000407,1,6080,CC100,33313.49,0,Software subscriptions - 2024-12
JE-000407,2,2010,CC100,0,33313.49,Software subscriptions - 2024-12
JE-000408,1,6090,CC999,14681.03,0,Insurance - 2024-Q4
JE-000408,2,1040,CC999,0,14681.03,Insurance - 2024-Q4
JE-000409,1,6100,CC600,8463.86,0,Utilities - 2024-12
JE-000409,2,2010,CC600,0,8463.86,Utilities - 2024-12
JE-000410,1,7010,CC400,6201.96,0,Interest expense - 2024-12
JE-000410,2,1010,CC400,0,6201.96,Interest expense - 2024-12
JE-000411,1,7020,CC400,83146.55,0,Tax provision - 2024-Q4
JE-000411,2,2020,CC400,0,83146.55,Tax provision - 2024-Q4
JE-000412,1,1010,CC400,668088.88,0,Cash collections - 2024-12
JE-000412,2,1020,CC400,0,668088.88,Cash collections - 2024-12
JE-000413,1,2010,CC400,283356.88,0,AP payments - 2024-12
JE-000413,2,1010,CC400,0,283356.88,AP payments - 2024-12
JE-000414,1,1020,CC200,446064.01,0,Product revenue - 2025-01
JE-000414,2,4010,CC200,0,446064.01,Product revenue - 2025-01
JE-000415,1,1020,CC200,190516.06,0,Service revenue - 2025-01
JE-000415,2,4020,CC200,0,190516.06,Service revenue - 2025-01
JE-000416,1,1020,CC200,89953.3,0,Subscription revenue - 2025-01
JE-000416,2,4030,CC200,0,89953.3,Subscription revenue - 2025-01
JE-000417,1,5010,CC600,274999.7,0,COGS product - 2025-01
JE-000417,2,1030,CC600,0,274999.7,COGS product - 2025-01
JE-000418,1,5020,CC600,78568.79,0,COGS services - 2025-01
JE-000418,2,2020,CC600,0,78568.79,COGS services - 2025-01
JE-000419,1,5030,CC900,22399.47,0,COGS subscriptions - 2025-01
JE-000419,2,2020,CC900,0,22399.47,COGS subscriptions - 2025-01
JE-000420,1,6010,CC100,205926.24,0,Payroll - CC100 - 2025-01
JE-000420,2,1010,CC100,0,205926.24,Payroll - CC100 - 2025-01
JE-000421,1,6010,CC200,123974.93,0,Payroll - CC200 - 2025-01
JE-000421,2,1010,CC200,0,123974.93,Payroll - CC200 - 2025-01
JE-000422,1,6010,CC300,74852.79,0,Payroll - CC300 - 2025-01
JE-000422,2,1010,CC300,0,74852.79,Payroll - CC300 - 2025-01
JE-000423,1,6010,CC400,47931.61,0,Payroll - CC400 - 2025-01
JE-000423,2,1010,CC400,0,47931.61,Payroll - CC400 - 2025-01
JE-000424,1,6010,CC500,41413.66,0,Payroll - CC500 - 2025-01
JE-000424,2,1010,CC500,0,41413.66,Payroll - CC500 - 2025-01
JE-000425,1,6010,CC600,58263.17,0,Payroll - CC600 - 2025-01
JE-000425,2,1010,CC600,0,58263.17,Payroll - CC600 - 2025-01
JE-000426,1,6010,CC700,53858.48,0,Payroll - CC700 - 2025-01
JE-000426,2,1010,CC700,0,53858.48,Payroll - CC700 - 2025-01
JE-000427,1,6010,CC800,84274.94,0,Payroll - CC800 - 2025-01
JE-000427,2,1010,CC800,0,84274.94,Payroll - CC800 - 2025-01
JE-000428,1,6010,CC900,162538.38,0,Payroll - CC900 - 2025-01
JE-000428,2,1010,CC900,0,162538.38,Payroll - CC900 - 2025-01
JE-000429,1,6020,CC100,59366.62,0,Benefits - CC100 - 2025-01
JE-000429,2,2020,CC100,0,59366.62,Benefits - CC100 - 2025-01
JE-000430,1,6020,CC200,34225.14,0,Benefits - CC200 - 2025-01
JE-000430,2,2020,CC200,0,34225.14,Benefits - CC200 - 2025-01
JE-000431,1,6020,CC300,21058.89,0,Benefits - CC300 - 2025-01
JE-000431,2,2020,CC300,0,21058.89,Benefits - CC300 - 2025-01
JE-000432,1,6020,CC400,12641.0,0,Benefits - CC400 - 2025-01
JE-000432,2,2020,CC400,0,12641.0,Benefits - CC400 - 2025-01
JE-000433,1,6020,CC500,10513.86,0,Benefits - CC500 - 2025-01
JE-000433,2,2020,CC500,0,10513.86,Benefits - CC500 - 2025-01
JE-000434,1,6020,CC600,15398.16,0,Benefits - CC600 - 2025-01
JE-000434,2,2020,CC600,0,15398.16,Benefits - CC600 - 2025-01
JE-000435,1,6020,CC700,14196.33,0,Benefits - CC700 - 2025-01
JE-000435,2,2020,CC700,0,14196.33,Benefits - CC700 - 2025-01
JE-000436,1,6020,CC800,22415.91,0,Benefits - CC800 - 2025-01
JE-000436,2,2020,CC800,0,22415.91,Benefits - CC800 - 2025-01
JE-000437,1,6020,CC900,45024.37,0,Benefits - CC900 - 2025-01
JE-000437,2,2020,CC900,0,45024.37,Benefits - CC900 - 2025-01
JE-000438,1,6030,CC600,43424.69,0,Rent and facilities - 2025-01
JE-000438,2,1010,CC600,0,43424.69,Rent and facilities - 2025-01
JE-000439,1,6040,CC999,18233.99,0,Depreciation - 2025-01
JE-000439,2,1120,CC999,0,18233.99,Depreciation - 2025-01
JE-000440,1,6050,CC800,43311.11,0,Professional services - 2025-01
JE-000440,2,2010,CC800,0,43311.11,Professional services - 2025-01
JE-000441,1,6060,CC300,49121.35,0,Marketing spend - 2025-01
JE-000441,2,2010,CC300,0,49121.35,Marketing spend - 2025-01
JE-000442,1,6070,CC300,16035.42,0,Travel and entertainment - 2025-01
JE-000442,2,1010,CC300,0,16035.42,Travel and entertainment - 2025-01
JE-000443,1,6080,CC100,25000.44,0,Software subscriptions - 2025-01
JE-000443,2,2010,CC100,0,25000.44,Software subscriptions - 2025-01
JE-000444,1,6100,CC600,8225.72,0,Utilities - 2025-01
JE-000444,2,2010,CC600,0,8225.72,Utilities - 2025-01
JE-000445,1,7010,CC400,6255.94,0,Interest expense - 2025-01
JE-000445,2,1010,CC400,0,6255.94,Interest expense - 2025-01
JE-000446,1,1010,CC400,660114.14,0,Cash collections - 2025-01
JE-000446,2,1020,CC400,0,660114.14,Cash collections - 2025-01
JE-000447,1,2010,CC400,307860.69,0,AP payments - 2025-01
JE-000447,2,1010,CC400,0,307860.69,AP payments - 2025-01
JE-000448,1,1020,CC200,423779.07,0,Product revenue - 2025-02
JE-000448,2,4010,CC200,0,423779.07,Product revenue - 2025-02
JE-000449,1,1020,CC200,161911.49,0,Service revenue - 2025-02
JE-000449,2,4020,CC200,0,161911.49,Service revenue - 2025-02
JE-000450,1,1020,CC200,81600.89,0,Subscription revenue - 2025-02
JE-000450,2,4030,CC200,0,81600.89,Subscription revenue - 2025-02
JE-000451,1,5010,CC600,255789.5,0,COGS product - 2025-02
JE-000451,2,1030,CC600,0,255789.5,COGS product - 2025-02
JE-000452,1,5020,CC600,60980.19,0,COGS services - 2025-02
JE-000452,2,2020,CC600,0,60980.19,COGS services - 2025-02
JE-000453,1,5030,CC900,16358.67,0,COGS subscriptions - 2025-02
JE-000453,2,2020,CC900,0,16358.67,COGS subscriptions - 2025-02
JE-000454,1,6010,CC100,201608.08,0,Payroll - CC100 - 2025-02
JE-000454,2,1010,CC100,0,201608.08,Payroll - CC100 - 2025-02
JE-000455,1,6010,CC200,146432.68,0,Payroll - CC200 - 2025-02
JE-000455,2,1010,CC200,0,146432.68,Payroll - CC200 - 2025-02
JE-000456,1,6010,CC300,77835.9,0,Payroll - CC300 - 2025-02
JE-000456,2,1010,CC300,0,77835.9,Payroll - CC300 - 2025-02
JE-000457,1,6010,CC400,45983.58,0,Payroll - CC400 - 2025-02
JE-000457,2,1010,CC400,0,45983.58,Payroll - CC400 - 2025-02
JE-000458,1,6010,CC500,36765.7,0,Payroll - CC500 - 2025-02
JE-000458,2,1010,CC500,0,36765.7,Payroll - CC500 - 2025-02
JE-000459,1,6010,CC600,64315.66,0,Payroll - CC600 - 2025-02
JE-000459,2,1010,CC600,0,64315.66,Payroll - CC600 - 2025-02
JE-000460,1,6010,CC700,52351.53,0,Payroll - CC700 - 2025-02
JE-000460,2,1010,CC700,0,52351.53,Payroll - CC700 - 2025-02
JE-000461,1,6010,CC800,83129.45,0,Payroll - CC800 - 2025-02
JE-000461,2,1010,CC800,0,83129.45,Payroll - CC800 - 2025-02
JE-000462,1,6010,CC900,163125.49,0,Payroll - CC900 - 2025-02
JE-000462,2,1010,CC900,0,163125.49,Payroll - CC900 - 2025-02
JE-000463,1,6020,CC100,54795.42,0,Benefits - CC100 - 2025-02
JE-000463,2,2020,CC100,0,54795.42,Benefits - CC100 - 2025-02
JE-000464,1,6020,CC200,36820.68,0,Benefits - CC200 - 2025-02
JE-000464,2,2020,CC200,0,36820.68,Benefits - CC200 - 2025-02
JE-000465,1,6020,CC300,20767.12,0,Benefits - CC300 - 2025-02
JE-000465,2,2020,CC300,0,20767.12,Benefits - CC300 - 2025-02
JE-000466,1,6020,CC400,13057.36,0,Benefits - CC400 - 2025-02
JE-000466,2,2020,CC400,0,13057.36,Benefits - CC400 - 2025-02
JE-000467,1,6020,CC500,9934.67,0,Benefits - CC500 - 2025-02
JE-000467,2,2020,CC500,0,9934.67,Benefits - CC500 - 2025-02
JE-000468,1,6020,CC600,16609.66,0,Benefits - CC600 - 2025-02
JE-000468,2,2020,CC600,0,16609.66,Benefits - CC600 - 2025-02
JE-000469,1,6020,CC700,14311.31,0,Benefits - CC700 - 2025-02
JE-000469,2,2020,CC700,0,14311.31,Benefits - CC700 - 2025-02
JE-000470,1,6020,CC800,21312.84,0,Benefits - CC800 - 2025-02
JE-000470,2,2020,CC800,0,21312.84,Benefits - CC800 - 2025-02
JE-000471,1,6020,CC900,45856.67,0,Benefits - CC900 - 2025-02
JE-000471,2,2020,CC900,0,45856.67,Benefits - CC900 - 2025-02
JE-000472,1,6030,CC600,42691.85,0,Rent and facilities - 2025-02
JE-000472,2,1010,CC600,0,42691.85,Rent and facilities - 2025-02
JE-000473,1,6040,CC999,18493.29,0,Depreciation - 2025-02
JE-000473,2,1120,CC999,0,18493.29,Depreciation - 2025-02
JE-000474,1,6050,CC400,37531.68,0,Professional services - 2025-02
JE-000474,2,2010,CC400,0,37531.68,Professional services - 2025-02
JE-000475,1,6060,CC300,56074.96,0,Marketing spend - 2025-02
JE-000475,2,2010,CC300,0,56074.96,Marketing spend - 2025-02
JE-000476,1,6070,CC300,14130.14,0,Travel and entertainment - 2025-02
JE-000476,2,1010,CC300,0,14130.14,Travel and entertainment - 2025-02
JE-000477,1,6080,CC100,28968.64,0,Software subscriptions - 2025-02
JE-000477,2,2010,CC100,0,28968.64,Software subscriptions - 2025-02
JE-000478,1,6100,CC600,9205.96,0,Utilities - 2025-02
JE-000478,2,2010,CC600,0,9205.96,Utilities - 2025-02
JE-000479,1,7010,CC400,6097.12,0,Interest expense - 2025-02
JE-000479,2,1010,CC400,0,6097.12,Interest expense - 2025-02
JE-000480,1,1010,CC400,560858.51,0,Cash collections - 2025-02
JE-000480,2,1020,CC400,0,560858.51,Cash collections - 2025-02
JE-000481,1,2010,CC400,312699.52,0,AP payments - 2025-02
JE-000481,2,1010,CC400,0,312699.52,AP payments - 2025-02
JE-000482,1,1020,CC200,423015.43,0,Product revenue - 2025-03
JE-000482,2,4010,CC200,0,423015.43,Product revenue - 2025-03
JE-000483,1,1020,CC200,165161.73,0,Service revenue - 2025-03
JE-000483,2,4020,CC200,0,165161.73,Service revenue - 2025-03
JE-000484,1,1020,CC200,101954.69,0,Subscription revenue - 2025-03
JE-000484,2,4030,CC200,0,101954.69,Subscription revenue - 2025-03
JE-000485,1,5010,CC600,245141.48,0,COGS product - 2025-03
JE-000485,2,1030,CC600,0,245141.48,COGS product - 2025-03
JE-000486,1,5020,CC600,67459.28,0,COGS services - 2025-03
JE-000486,2,2020,CC600,0,67459.28,COGS services - 2025-03
JE-000487,1,5030,CC900,24226.94,0,COGS subscriptions - 2025-03
JE-000487,2,2020,CC900,0,24226.94,COGS subscriptions - 2025-03
JE-000488,1,6010,CC100,207188.77,0,Payroll - CC100 - 2025-03
JE-000488,2,1010,CC100,0,207188.77,Payroll - CC100 - 2025-03
JE-000489,1,6010,CC200,131469.41,0,Payroll - CC200 - 2025-03
JE-000489,2,1010,CC200,0,131469.41,Payroll - CC200 - 2025-03
JE-000490,1,6010,CC300,75085.86,0,Payroll - CC300 - 2025-03
JE-000490,2,1010,CC300,0,75085.86,Payroll - CC300 - 2025-03
JE-000491,1,6010,CC400,49925.1,0,Payroll - CC400 - 2025-03
JE-000491,2,1010,CC400,0,49925.1,Payroll - CC400 - 2025-03
JE-000492,1,6010,CC500,43032.84,0,Payroll - CC500 - 2025-03
JE-000492,2,1010,CC500,0,43032.84,Payroll - CC500 - 2025-03
JE-000493,1,6010,CC600,65126.25,0,Payroll - CC600 - 2025-03
JE-000493,2,1010,CC600,0,65126.25,Payroll - CC600 - 2025-03
JE-000494,1,6010,CC700,56680.66,0,Payroll - CC700 - 2025-03
JE-000494,2,1010,CC700,0,56680.66,Payroll - CC700 - 2025-03
JE-000495,1,6010,CC800,84140.75,0,Payroll - CC800 - 2025-03
JE-000495,2,1010,CC800,0,84140.75,Payroll - CC800 - 2025-03
JE-000496,1,6010,CC900,162582.75,0,Payroll - CC900 - 2025-03
JE-000496,2,1010,CC900,0,162582.75,Payroll - CC900 - 2025-03
JE-000497,1,6020,CC100,58233.88,0,Benefits - CC100 - 2025-03
JE-000497,2,2020,CC100,0,58233.88,Benefits - CC100 - 2025-03
JE-000498,1,6020,CC200,34435.42,0,Benefits - CC200 - 2025-03
JE-000498,2,2020,CC200,0,34435.42,Benefits - CC200 - 2025-03
JE-000499,1,6020,CC300,20549.35,0,Benefits - CC300 - 2025-03
JE-000499,2,2020,CC300,0,20549.35,Benefits - CC300 - 2025-03
JE-000500,1,6020,CC400,12766.82,0,Benefits - CC400 - 2025-03
JE-000500,2,2020,CC400,0,12766.82,Benefits - CC400 - 2025-03
JE-000501,1,6020,CC500,12797.44,0,Benefits - CC500 - 2025-03
JE-000501,2,2020,CC500,0,12797.44,Benefits - CC500 - 2025-03
JE-000502,1,6020,CC600,17795.86,0,Benefits - CC600 - 2025-03
JE-000502,2,2020,CC600,0,17795.86,Benefits - CC600 - 2025-03
JE-000503,1,6020,CC700,14896.37,0,Benefits - CC700 - 2025-03
JE-000503,2,2020,CC700,0,14896.37,Benefits - CC700 - 2025-03
JE-000504,1,6020,CC800,22587.14,0,Benefits - CC800 - 2025-03
JE-000504,2,2020,CC800,0,22587.14,Benefits - CC800 - 2025-03
JE-000505,1,6020,CC900,45571.07,0,Benefits - CC900 - 2025-03
JE-000505,2,2020,CC900,0,45571.07,Benefits - CC900 - 2025-03
JE-000506,1,6030,CC600,43911.67,0,Rent and facilities - 2025-03
JE-000506,2,1010,CC600,0,43911.67,Rent and facilities - 2025-03
JE-000507,1,6040,CC999,18775.39,0,Depreciation - 2025-03
JE-000507,2,1120,CC999,0,18775.39,Depreciation - 2025-03
JE-000508,1,6050,CC400,29605.88,0,Professional services - 2025-03
JE-000508,2,2010,CC400,0,29605.88,Professional services - 2025-03
JE-000509,1,6060,CC300,51509.59,0,Marketing spend - 2025-03
JE-000509,2,2010,CC300,0,51509.59,Marketing spend - 2025-03
JE-000510,1,6070,CC200,11579.35,0,Travel and entertainment - 2025-03
JE-000510,2,1010,CC200,0,11579.35,Travel and entertainment - 2025-03
JE-000511,1,6080,CC100,31543.14,0,Software subscriptions - 2025-03
JE-000511,2,2010,CC100,0,31543.14,Software subscriptions - 2025-03
JE-000512,1,6090,CC999,14434.12,0,Insurance - 2025-Q1
JE-000512,2,1040,CC999,0,14434.12,Insurance - 2025-Q1
JE-000513,1,6100,CC600,9312.53,0,Utilities - 2025-03
JE-000513,2,2010,CC600,0,9312.53,Utilities - 2025-03
JE-000514,1,7010,CC400,6094.02,0,Interest expense - 2025-03
JE-000514,2,1010,CC400,0,6094.02,Interest expense - 2025-03
JE-000515,1,7020,CC400,83552.28,0,Tax provision - 2025-Q1
JE-000515,2,2020,CC400,0,83552.28,Tax provision - 2025-Q1
JE-000516,1,1010,CC400,568530.32,0,Cash collections - 2025-03
JE-000516,2,1020,CC400,0,568530.32,Cash collections - 2025-03
JE-000517,1,2010,CC400,285669.03,0,AP payments - 2025-03
JE-000517,2,1010,CC400,0,285669.03,AP payments - 2025-03
JE-000518,1,1020,CC200,456501.0,0,Product revenue - 2025-04
JE-000518,2,4010,CC200,0,456501.0,Product revenue - 2025-04
JE-000519,1,1020,CC200,181108.44,0,Service revenue - 2025-04
JE-000519,2,4020,CC200,0,181108.44,Service revenue - 2025-04
JE-000520,1,1020,CC200,99611.72,0,Subscription revenue - 2025-04
JE-000520,2,4030,CC200,0,99611.72,Subscription revenue - 2025-04
JE-000521,1,5010,CC600,272941.1,0,COGS product - 2025-04
JE-000521,2,1030,CC600,0,272941.1,COGS product - 2025-04
JE-000522,1,5020,CC600,73600.11,0,COGS services - 2025-04
JE-000522,2,2020,CC600,0,73600.11,COGS services - 2025-04
JE-000523,1,5030,CC900,26267.43,0,COGS subscriptions - 2025-04
JE-000523,2,2020,CC900,0,26267.43,COGS subscriptions - 2025-04
JE-000524,1,6010,CC100,202714.04,0,Payroll - CC100 - 2025-04
JE-000524,2,1010,CC100,0,202714.04,Payroll - CC100 - 2025-04
JE-000525,1,6010,CC200,132024.61,0,Payroll - CC200 - 2025-04
JE-000525,2,1010,CC200,0,132024.61,Payroll - CC200 - 2025-04
JE-000526,1,6010,CC300,72408.32,0,Payroll - CC300 - 2025-04
JE-000526,2,1010,CC300,0,72408.32,Payroll - CC300 - 2025-04
JE-000527,1,6010,CC400,47172.41,0,Payroll - CC400 - 2025-04
JE-000527,2,1010,CC400,0,47172.41,Payroll - CC400 - 2025-04
JE-000528,1,6010,CC500,38694.81,0,Payroll - CC500 - 2025-04
JE-000528,2,1010,CC500,0,38694.81,Payroll - CC500 - 2025-04
JE-000529,1,6010,CC600,66004.07,0,Payroll - CC600 - 2025-04
JE-000529,2,1010,CC600,0,66004.07,Payroll - CC600 - 2025-04
JE-000530,1,6010,CC700,57697.7,0,Payroll - CC700 - 2025-04
JE-000530,2,1010,CC700,0,57697.7,Payroll - CC700 - 2025-04
JE-000531,1,6010,CC800,86330.88,0,Payroll - CC800 - 2025-04
JE-000531,2,1010,CC800,0,86330.88,Payroll - CC800 - 2025-04
JE-000532,1,6010,CC900,162864.22,0,Payroll - CC900 - 2025-04
JE-000532,2,1010,CC900,0,162864.22,Payroll - CC900 - 2025-04
JE-000533,1,6020,CC100,55647.05,0,Benefits - CC100 - 2025-04
JE-000533,2,2020,CC100,0,55647.05,Benefits - CC100 - 2025-04
JE-000534,1,6020,CC200,35867.94,0,Benefits - CC200 - 2025-04
JE-000534,2,2020,CC200,0,35867.94,Benefits - CC200 - 2025-04
JE-000535,1,6020,CC300,19413.35,0,Benefits - CC300 - 2025-04
JE-000535,2,2020,CC300,0,19413.35,Benefits - CC300 - 2025-04
JE-000536,1,6020,CC400,13895.99,0,Benefits - CC400 - 2025-04
JE-000536,2,2020,CC400,0,13895.99,Benefits - CC400 - 2025-04
JE-000537,1,6020,CC500,10563.18,0,Benefits - CC500 - 2025-04
JE-000537,2,2020,CC500,0,10563.18,Benefits - CC500 - 2025-04
JE-000538,1,6020,CC600,17005.92,0,Benefits - CC600 - 2025-04
JE-000538,2,2020,CC600,0,17005.92,Benefits - CC600 - 2025-04
JE-000539,1,6020,CC700,14932.56,0,Benefits - CC700 - 2025-04
JE-000539,2,2020,CC700,0,14932.56,Benefits - CC700 - 2025-04
JE-000540,1,6020,CC800,23834.86,0,Benefits - CC800 - 2025-04
JE-000540,2,2020,CC800,0,23834.86,Benefits - CC800 - 2025-04
JE-000541,1,6020,CC900,46012.87,0,Benefits - CC900 - 2025-04
JE-000541,2,2020,CC900,0,46012.87,Benefits - CC900 - 2025-04
JE-000542,1,6030,CC600,40324.22,0,Rent and facilities - 2025-04
JE-000542,2,1010,CC600,0,40324.22,Rent and facilities - 2025-04
JE-000543,1,6040,CC999,17252.72,0,Depreciation - 2025-04
JE-000543,2,1120,CC999,0,17252.72,Depreciation - 2025-04
JE-000544,1,6050,CC800,7640.37,0,Professional services - 2025-04
JE-000544,2,2010,CC800,0,7640.37,Professional services - 2025-04
JE-000545,1,6060,CC300,56915.18,0,Marketing spend - 2025-04
JE-000545,2,2010,CC300,0,56915.18,Marketing spend - 2025-04
JE-000546,1,6070,CC200,11098.72,0,Travel and entertainment - 2025-04
JE-000546,2,1010,CC200,0,11098.72,Travel and entertainment - 2025-04
JE-000547,1,6080,CC100,33822.2,0,Software subscriptions - 2025-04
JE-000547,2,2010,CC100,0,33822.2,Software subscriptions - 2025-04
JE-000548,1,6100,CC600,8302.1,0,Utilities - 2025-04
JE-000548,2,2010,CC600,0,8302.1,Utilities - 2025-04
JE-000549,1,7010,CC400,6415.35,0,Interest expense - 2025-04
JE-000549,2,1010,CC400,0,6415.35,Interest expense - 2025-04
JE-000550,1,1010,CC400,656168.97,0,Cash collections - 2025-04
JE-000550,2,1020,CC400,0,656168.97,Cash collections - 2025-04
JE-000551,1,2010,CC400,309277.46,0,AP payments - 2025-04
JE-000551,2,1010,CC400,0,309277.46,AP payments - 2025-04
JE-000552,1,1020,CC200,435035.33,0,Product revenue - 2025-05
JE-000552,2,4010,CC200,0,435035.33,Product revenue - 2025-05
JE-000553,1,1020,CC200,178934.25,0,Service revenue - 2025-05
JE-000553,2,4020,CC200,0,178934.25,Service revenue - 2025-05
JE-000554,1,1020,CC200,96366.1,0,Subscription revenue - 2025-05
JE-000554,2,4030,CC200,0,96366.1,Subscription revenue - 2025-05
JE-000555,1,5010,CC600,254116.53,0,COGS product - 2025-05
JE-000555,2,1030,CC600,0,254116.53,COGS product - 2025-05
JE-000556,1,5020,CC600,67071.31,0,COGS services - 2025-05
JE-000556,2,2020,CC600,0,67071.31,COGS services - 2025-05
JE-000557,1,5030,CC900,21264.93,0,COGS subscriptions - 2025-05
JE-000557,2,2020,CC900,0,21264.93,COGS subscriptions - 2025-05
JE-000558,1,6010,CC100,207377.58,0,Payroll - CC100 - 2025-05
JE-000558,2,1010,CC100,0,207377.58,Payroll - CC100 - 2025-05
JE-000559,1,6010,CC200,132164.51,0,Payroll - CC200 - 2025-05
JE-000559,2,1010,CC200,0,132164.51,Payroll - CC200 - 2025-05
JE-000560,1,6010,CC300,77246.39,0,Payroll - CC300 - 2025-05
JE-000560,2,1010,CC300,0,77246.39,Payroll - CC300 - 2025-05
JE-000561,1,6010,CC400,52481.52,0,Payroll - CC400 - 2025-05
JE-000561,2,1010,CC400,0,52481.52,Payroll - CC400 - 2025-05
JE-000562,1,6010,CC500,37735.97,0,Payroll - CC500 - 2025-05
JE-000562,2,1010,CC500,0,37735.97,Payroll - CC500 - 2025-05
JE-000563,1,6010,CC600,59423.92,0,Payroll - CC600 - 2025-05
JE-000563,2,1010,CC600,0,59423.92,Payroll - CC600 - 2025-05
JE-000564,1,6010,CC700,55809.86,0,Payroll - CC700 - 2025-05
JE-000564,2,1010,CC700,0,55809.86,Payroll - CC700 - 2025-05
JE-000565,1,6010,CC800,84124.2,0,Payroll - CC800 - 2025-05
JE-000565,2,1010,CC800,0,84124.2,Payroll - CC800 - 2025-05
JE-000566,1,6010,CC900,168111.23,0,Payroll - CC900 - 2025-05
JE-000566,2,1010,CC900,0,168111.23,Payroll - CC900 - 2025-05
JE-000567,1,6020,CC100,57600.95,0,Benefits - CC100 - 2025-05
JE-000567,2,2020,CC100,0,57600.95,Benefits - CC100 - 2025-05
JE-000568,1,6020,CC200,34629.24,0,Benefits - CC200 - 2025-05
JE-000568,2,2020,CC200,0,34629.24,Benefits - CC200 - 2025-05
JE-000569,1,6020,CC300,21150.42,0,Benefits - CC300 - 2025-05
JE-000569,2,2020,CC300,0,21150.42,Benefits - CC300 - 2025-05
JE-000570,1,6020,CC400,14988.31,0,Benefits - CC400 - 2025-05
JE-000570,2,2020,CC400,0,14988.31,Benefits - CC400 - 2025-05
JE-000571,1,6020,CC500,10279.61,0,Benefits - CC500 - 2025-05
JE-000571,2,2020,CC500,0,10279.61,Benefits - CC500 - 2025-05
JE-000572,1,6020,CC600,14907.21,0,Benefits - CC600 - 2025-05
JE-000572,2,2020,CC600,0,14907.21,Benefits - CC600 - 2025-05
JE-000573,1,6020,CC700,14773.53,0,Benefits - CC700 - 2025-05
JE-000573,2,2020,CC700,0,14773.53,Benefits - CC700 - 2025-05
JE-000574,1,6020,CC800,22732.05,0,Benefits - CC800 - 2025-05
JE-000574,2,2020,CC800,0,22732.05,Benefits - CC800 - 2025-05
JE-000575,1,6020,CC900,44072.92,0,Benefits - CC900 - 2025-05
JE-000575,2,2020,CC900,0,44072.92,Benefits - CC900 - 2025-05
JE-000576,1,6030,CC600,41506.1,0,Rent and facilities - 2025-05
JE-000576,2,1010,CC600,0,41506.1,Rent and facilities - 2025-05
JE-000577,1,6040,CC999,17588.59,0,Depreciation - 2025-05
JE-000577,2,1120,CC999,0,17588.59,Depreciation - 2025-05
JE-000578,1,6050,CC800,6877.33,0,Professional services - 2025-05
JE-000578,2,2010,CC800,0,6877.33,Professional services - 2025-05
JE-000579,1,6060,CC300,84234.08,0,Marketing spend - 2025-05
JE-000579,2,2010,CC300,0,84234.08,Marketing spend - 2025-05
JE-000580,1,6070,CC300,8970.78,0,Travel and entertainment - 2025-05
JE-000580,2,1010,CC300,0,8970.78,Travel and entertainment - 2025-05
JE-000581,1,6080,CC100,32084.36,0,Software subscriptions - 2025-05
JE-000581,2,2010,CC100,0,32084.36,Software subscriptions - 2025-05
JE-000582,1,6100,CC600,8247.83,0,Utilities - 2025-05
JE-000582,2,2010,CC600,0,8247.83,Utilities - 2025-05
JE-000583,1,7010,CC400,6335.73,0,Interest expense - 2025-05
JE-000583,2,1010,CC400,0,6335.73,Interest expense - 2025-05
JE-000584,1,1010,CC400,629751.02,0,Cash collections - 2025-05
JE-000584,2,1020,CC400,0,629751.02,Cash collections - 2025-05
JE-000585,1,2010,CC400,302871.98,0,AP payments - 2025-05
JE-000585,2,1010,CC400,0,302871.98,AP payments - 2025-05
JE-000586,1,1020,CC200,443960.03,0,Product revenue - 2025-06
JE-000586,2,4010,CC200,0,443960.03,Product revenue - 2025-06
JE-000587,1,1020,CC200,152377.86,0,Service revenue - 2025-06
JE-000587,2,4020,CC200,0,152377.86,Service revenue - 2025-06
JE-000588,1,1020,CC200,99806.2,0,Subscription revenue - 2025-06
JE-000588,2,4030,CC200,0,99806.2,Subscription revenue - 2025-06
JE-000589,1,5010,CC600,267131.78,0,COGS product - 2025-06
JE-000589,2,1030,CC600,0,267131.78,COGS product - 2025-06
JE-000590,1,5020,CC600,56281.52,0,COGS services - 2025-06
JE-000590,2,2020,CC600,0,56281.52,COGS services - 2025-06
JE-000591,1,5030,CC900,24668.79,0,COGS subscriptions - 2025-06
JE-000591,2,2020,CC900,0,24668.79,COGS subscriptions - 2025-06
JE-000592,1,6010,CC100,203803.24,0,Payroll - CC100 - 2025-06
JE-000592,2,1010,CC100,0,203803.24,Payroll - CC100 - 2025-06
JE-000593,1,6010,CC200,135174.03,0,Payroll - CC200 - 2025-06
JE-000593,2,1010,CC200,0,135174.03,Payroll - CC200 - 2025-06
JE-000594,1,6010,CC300,68280.66,0,Payroll - CC300 - 2025-06
JE-000594,2,1010,CC300,0,68280.66,Payroll - CC300 - 2025-06
JE-000595,1,6010,CC400,54603.65,0,Payroll - CC400 - 2025-06
JE-000595,2,1010,CC400,0,54603.65,Payroll - CC400 - 2025-06
JE-000596,1,6010,CC500,38811.99,0,Payroll - CC500 - 2025-06
JE-000596,2,1010,CC500,0,38811.99,Payroll - CC500 - 2025-06
JE-000597,1,6010,CC600,60689.12,0,Payroll - CC600 - 2025-06
JE-000597,2,1010,CC600,0,60689.12,Payroll - CC600 - 2025-06
JE-000598,1,6010,CC700,58538.35,0,Payroll - CC700 - 2025-06
JE-000598,2,1010,CC700,0,58538.35,Payroll - CC700 - 2025-06
JE-000599,1,6010,CC800,82866.34,0,Payroll - CC800 - 2025-06
JE-000599,2,1010,CC800,0,82866.34,Payroll - CC800 - 2025-06
JE-000600,1,6010,CC900,170717.45,0,Payroll - CC900 - 2025-06
JE-000600,2,1010,CC900,0,170717.45,Payroll - CC900 - 2025-06
JE-000601,1,6020,CC100,52240.71,0,Benefits - CC100 - 2025-06
JE-000601,2,2020,CC100,0,52240.71,Benefits - CC100 - 2025-06
JE-000602,1,6020,CC200,34101.13,0,Benefits - CC200 - 2025-06
JE-000602,2,2020,CC200,0,34101.13,Benefits - CC200 - 2025-06
JE-000603,1,6020,CC300,17256.32,0,Benefits - CC300 - 2025-06
JE-000603,2,2020,CC300,0,17256.32,Benefits - CC300 - 2025-06
JE-000604,1,6020,CC400,14448.5,0,Benefits - CC400 - 2025-06
JE-000604,2,2020,CC400,0,14448.5,Benefits - CC400 - 2025-06
JE-000605,1,6020,CC500,11535.1,0,Benefits - CC500 - 2025-06
JE-000605,2,2020,CC500,0,11535.1,Benefits - CC500 - 2025-06
JE-000606,1,6020,CC600,17107.87,0,Benefits - CC600 - 2025-06
JE-000606,2,2020,CC600,0,17107.87,Benefits - CC600 - 2025-06
JE-000607,1,6020,CC700,16837.95,0,Benefits - CC700 - 2025-06
JE-000607,2,2020,CC700,0,16837.95,Benefits - CC700 - 2025-06
JE-000608,1,6020,CC800,21141.64,0,Benefits - CC800 - 2025-06
JE-000608,2,2020,CC800,0,21141.64,Benefits - CC800 - 2025-06
JE-000609,1,6020,CC900,42784.06,0,Benefits - CC900 - 2025-06
JE-000609,2,2020,CC900,0,42784.06,Benefits - CC900 - 2025-06
JE-000610,1,6030,CC600,41755.63,0,Rent and facilities - 2025-06
JE-000610,2,1010,CC600,0,41755.63,Rent and facilities - 2025-06
JE-000611,1,6040,CC999,18557.49,0,Depreciation - 2025-06
JE-000611,2,1120,CC999,0,18557.49,Depreciation - 2025-06
JE-000612,1,6050,CC100,46175.34,0,Professional services - 2025-06
JE-000612,2,2010,CC100,0,46175.34,Professional services - 2025-06
JE-000613,1,6060,CC300,50379.4,0,Marketing spend - 2025-06
JE-000613,2,2010,CC300,0,50379.4,Marketing spend - 2025-06
JE-000614,1,6070,CC300,13108.61,0,Travel and entertainment - 2025-06
JE-000614,2,1010,CC300,0,13108.61,Travel and entertainment - 2025-06
JE-000615,1,6080,CC100,28724.6,0,Software subscriptions - 2025-06
JE-000615,2,2010,CC100,0,28724.6,Software subscriptions - 2025-06
JE-000616,1,6090,CC999,16259.17,0,Insurance - 2025-Q2
JE-000616,2,1040,CC999,0,16259.17,Insurance - 2025-Q2
JE-000617,1,6100,CC600,9132.46,0,Utilities - 2025-06
JE-000617,2,2010,CC600,0,9132.46,Utilities - 2025-06
JE-000618,1,7010,CC400,6307.3,0,Interest expense - 2025-06
JE-000618,2,1010,CC400,0,6307.3,Interest expense - 2025-06
JE-000619,1,7020,CC400,74405.34,0,Tax provision - 2025-Q2
JE-000619,2,2020,CC400,0,74405.34,Tax provision - 2025-Q2
JE-000620,1,1010,CC400,582296.87,0,Cash collections - 2025-06
JE-000620,2,1020,CC400,0,582296.87,Cash collections - 2025-06
JE-000621,1,2010,CC400,323012.38,0,AP payments - 2025-06
JE-000621,2,1010,CC400,0,323012.38,AP payments - 2025-06
JE-000622,1,1020,CC200,499443.63,0,Product revenue - 2025-07
JE-000622,2,4010,CC200,0,499443.63,Product revenue - 2025-07
JE-000623,1,1020,CC200,233745.13,0,Service revenue - 2025-07
JE-000623,2,4020,CC200,0,233745.13,Service revenue - 2025-07
JE-000624,1,1020,CC200,118493.4,0,Subscription revenue - 2025-07
JE-000624,2,4030,CC200,0,118493.4,Subscription revenue - 2025-07
JE-000625,1,5010,CC600,295891.5,0,COGS product - 2025-07
JE-000625,2,1030,CC600,0,295891.5,COGS product - 2025-07
JE-000626,1,5020,CC600,94749.02,0,COGS services - 2025-07
JE-000626,2,2020,CC600,0,94749.02,COGS services - 2025-07
JE-000627,1,5030,CC900,25838.07,0,COGS subscriptions - 2025-07
JE-000627,2,2020,CC900,0,25838.07,COGS subscriptions - 2025-07
JE-000628,1,6010,CC100,201133.32,0,Payroll - CC100 - 2025-07
JE-000628,2,1010,CC100,0,201133.32,Payroll - CC100 - 2025-07
JE-000629,1,6010,CC200,133014.02,0,Payroll - CC200 - 2025-07
JE-000629,2,1010,CC200,0,133014.02,Payroll - CC200 - 2025-07
JE-000630,1,6010,CC300,66562.15,0,Payroll - CC300 - 2025-07
JE-000630,2,1010,CC300,0,66562.15,Payroll - CC300 - 2025-07
JE-000631,1,6010,CC400,51964.8,0,Payroll - CC400 - 2025-07
JE-000631,2,1010,CC400,0,51964.8,Payroll - CC400 - 2025-07
JE-000632,1,6010,CC500,40631.38,0,Payroll - CC500 - 2025-07
JE-000632,2,1010,CC500,0,40631.38,Payroll - CC500 - 2025-07
JE-000633,1,6010,CC600,61420.45,0,Payroll - CC600 - 2025-07
JE-000633,2,1010,CC600,0,61420.45,Payroll - CC600 - 2025-07
JE-000634,1,6010,CC700,53217.41,0,Payroll - CC700 - 2025-07
JE-000634,2,1010,CC700,0,53217.41,Payroll - CC700 - 2025-07
JE-000635,1,6010,CC800,81882.37,0,Payroll - CC800 - 2025-07
JE-000635,2,1010,CC800,0,81882.37,Payroll - CC800 - 2025-07
JE-000636,1,6010,CC900,161553.71,0,Payroll - CC900 - 2025-07
JE-000636,2,1010,CC900,0,161553.71,Payroll - CC900 - 2025-07
JE-000637,1,6020,CC100,52372.98,0,Benefits - CC100 - 2025-07
JE-000637,2,2020,CC100,0,52372.98,Benefits - CC100 - 2025-07
JE-000638,1,6020,CC200,34656.97,0,Benefits - CC200 - 2025-07
JE-000638,2,2020,CC200,0,34656.97,Benefits - CC200 - 2025-07
JE-000639,1,6020,CC300,18838.51,0,Benefits - CC300 - 2025-07
JE-000639,2,2020,CC300,0,18838.51,Benefits - CC300 - 2025-07
JE-000640,1,6020,CC400,13399.27,0,Benefits - CC400 - 2025-07
JE-000640,2,2020,CC400,0,13399.27,Benefits - CC400 - 2025-07
JE-000641,1,6020,CC500,10510.96,0,Benefits - CC500 - 2025-07
JE-000641,2,2020,CC500,0,10510.96,Benefits - CC500 - 2025-07
JE-000642,1,6020,CC600,15585.64,0,Benefits - CC600 - 2025-07
JE-000642,2,2020,CC600,0,15585.64,Benefits - CC600 - 2025-07
JE-000643,1,6020,CC700,13311.47,0,Benefits - CC700 - 2025-07
JE-000643,2,2020,CC700,0,13311.47,Benefits - CC700 - 2025-07
JE-000644,1,6020,CC800,22315.01,0,Benefits - CC800 - 2025-07
JE-000644,2,2020,CC800,0,22315.01,Benefits - CC800 - 2025-07
JE-000645,1,6020,CC900,45185.05,0,Benefits - CC900 - 2025-07
JE-000645,2,2020,CC900,0,45185.05,Benefits - CC900 - 2025-07
JE-000646,1,6030,CC600,39576.27,0,Rent and facilities - 2025-07
JE-000646,2,1010,CC600,0,39576.27,Rent and facilities - 2025-07
JE-000647,1,6040,CC999,17906.99,0,Depreciation - 2025-07
JE-000647,2,1120,CC999,0,17906.99,Depreciation - 2025-07
JE-000648,1,6050,CC800,45521.03,0,Professional services - 2025-07
JE-000648,2,2010,CC800,0,45521.03,Professional services - 2025-07
JE-000649,1,6060,CC300,60827.23,0,Marketing spend - 2025-07
JE-000649,2,2010,CC300,0,60827.23,Marketing spend - 2025-07
JE-000650,1,6070,CC200,10813.18,0,Travel and entertainment - 2025-07
JE-000650,2,1010,CC200,0,10813.18,Travel and entertainment - 2025-07
JE-000651,1,6080,CC100,32690.36,0,Software subscriptions - 2025-07
JE-000651,2,2010,CC100,0,32690.36,Software subscriptions - 2025-07
JE-000652,1,6100,CC600,7689.86,0,Utilities - 2025-07
JE-000652,2,2010,CC600,0,7689.86,Utilities - 2025-07
JE-000653,1,7010,CC400,5992.01,0,Interest expense - 2025-07
JE-000653,2,1010,CC400,0,5992.01,Interest expense - 2025-07
JE-000654,1,1010,CC400,776768.38,0,Cash collections - 2025-07
JE-000654,2,1020,CC400,0,776768.38,Cash collections - 2025-07
JE-000655,1,2010,CC400,322493.32,0,AP payments - 2025-07
JE-000655,2,1010,CC400,0,322493.32,AP payments - 2025-07
JE-000656,1,1020,CC200,463323.03,0,Product revenue - 2025-08
JE-000656,2,4010,CC200,0,463323.03,Product revenue - 2025-08
JE-000657,1,1020,CC200,187193.71,0,Service revenue - 2025-08
JE-000657,2,4020,CC200,0,187193.71,Service revenue - 2025-08
JE-000658,1,1020,CC200,109373.01,0,Subscription revenue - 2025-08
JE-000658,2,4030,CC200,0,109373.01,Subscription revenue - 2025-08
JE-000659,1,5010,CC600,284289.82,0,COGS product - 2025-08
JE-000659,2,1030,CC600,0,284289.82,COGS product - 2025-08
JE-000660,1,5020,CC600,76349.61,0,COGS services - 2025-08
JE-000660,2,2020,CC600,0,76349.61,COGS services - 2025-08
JE-000661,1,5030,CC900,22499.43,0,COGS subscriptions - 2025-08
JE-000661,2,2020,CC900,0,22499.43,COGS subscriptions - 2025-08
JE-000662,1,6010,CC100,209620.26,0,Payroll - CC100 - 2025-08
JE-000662,2,1010,CC100,0,209620.26,Payroll - CC100 - 2025-08
JE-000663,1,6010,CC200,141035.42,0,Payroll - CC200 - 2025-08
JE-000663,2,1010,CC200,0,141035.42,Payroll - CC200 - 2025-08
JE-000664,1,6010,CC300,72771.44,0,Payroll - CC300 - 2025-08
JE-000664,2,1010,CC300,0,72771.44,Payroll - CC300 - 2025-08
JE-000665,1,6010,CC400,47493.02,0,Payroll - CC400 - 2025-08
JE-000665,2,1010,CC400,0,47493.02,Payroll - CC400 - 2025-08
JE-000666,1,6010,CC500,38992.02,0,Payroll - CC500 - 2025-08
JE-000666,2,1010,CC500,0,38992.02,Payroll - CC500 - 2025-08
JE-000667,1,6010,CC600,63280.87,0,Payroll - CC600 - 2025-08
JE-000667,2,1010,CC600,0,63280.87,Payroll - CC600 - 2025-08
JE-000668,1,6010,CC700,54367.63,0,Payroll - CC700 - 2025-08
JE-000668,2,1010,CC700,0,54367.63,Payroll - CC700 - 2025-08
JE-000669,1,6010,CC800,80780.09,0,Payroll - CC800 - 2025-08
JE-000669,2,1010,CC800,0,80780.09,Payroll - CC800 - 2025-08
JE-000670,1,6010,CC900,168574.63,0,Payroll - CC900 - 2025-08
JE-000670,2,1010,CC900,0,168574.63,Payroll - CC900 - 2025-08
JE-000671,1,6020,CC100,57580.54,0,Benefits - CC100 - 2025-08
JE-000671,2,2020,CC100,0,57580.54,Benefits - CC100 - 2025-08
JE-000672,1,6020,CC200,35826.11,0,Benefits - CC200 - 2025-08
JE-000672,2,2020,CC200,0,35826.11,Benefits - CC200 - 2025-08
JE-000673,1,6020,CC300,18337.9,0,Benefits - CC300 - 2025-08
JE-000673,2,2020,CC300,0,18337.9,Benefits - CC300 - 2025-08
JE-000674,1,6020,CC400,12899.17,0,Benefits - CC400 - 2025-08
JE-000674,2,2020,CC400,0,12899.17,Benefits - CC400 - 2025-08
JE-000675,1,6020,CC500,10376.4,0,Benefits - CC500 - 2025-08
JE-000675,2,2020,CC500,0,10376.4,Benefits - CC500 - 2025-08
JE-000676,1,6020,CC600,16612.39,0,Benefits - CC600 - 2025-08
JE-000676,2,2020,CC600,0,16612.39,Benefits - CC600 - 2025-08
JE-000677,1,6020,CC700,13840.17,0,Benefits - CC700 - 2025-08
JE-000677,2,2020,CC700,0,13840.17,Benefits - CC700 - 2025-08
JE-000678,1,6020,CC800,24080.18,0,Benefits - CC800 - 2025-08
JE-000678,2,2020,CC800,0,24080.18,Benefits - CC800 - 2025-08
JE-000679,1,6020,CC900,49189.73,0,Benefits - CC900 - 2025-08
JE-000679,2,2020,CC900,0,49189.73,Benefits - CC900 - 2025-08
JE-000680,1,6030,CC600,41584.75,0,Rent and facilities - 2025-08
JE-000680,2,1010,CC600,0,41584.75,Rent and facilities - 2025-08
JE-000681,1,6040,CC999,16907.34,0,Depreciation - 2025-08
JE-000681,2,1120,CC999,0,16907.34,Depreciation - 2025-08
JE-000682,1,6050,CC800,18246.13,0,Professional services - 2025-08
JE-000682,2,2010,CC800,0,18246.13,Professional services - 2025-08
JE-000683,1,6060,CC300,64913.31,0,Marketing spend - 2025-08
JE-000683,2,2010,CC300,0,64913.31,Marketing spend - 2025-08
JE-000684,1,6070,CC200,7277.29,0,Travel and entertainment - 2025-08
JE-000684,2,1010,CC200,0,7277.29,Travel and entertainment - 2025-08
JE-000685,1,6080,CC100,23718.63,0,Software subscriptions - 2025-08
JE-000685,2,2010,CC100,0,23718.63,Software subscriptions - 2025-08
JE-000686,1,6100,CC600,8767.59,0,Utilities - 2025-08
JE-000686,2,2010,CC600,0,8767.59,Utilities - 2025-08
JE-000687,1,7010,CC400,6309.38,0,Interest expense - 2025-08
JE-000687,2,1010,CC400,0,6309.38,Interest expense - 2025-08
JE-000688,1,1010,CC400,661286.12,0,Cash collections - 2025-08
JE-000688,2,1020,CC400,0,661286.12,Cash collections - 2025-08
JE-000689,1,2010,CC400,330300.84,0,AP payments - 2025-08
JE-000689,2,1010,CC400,0,330300.84,AP payments - 2025-08
JE-000690,1,1020,CC200,484556.6,0,Product revenue - 2025-09
JE-000690,2,4010,CC200,0,484556.6,Product revenue - 2025-09
JE-000691,1,1020,CC200,203973.98,0,Service revenue - 2025-09
JE-000691,2,4020,CC200,0,203973.98,Service revenue - 2025-09
JE-000692,1,1020,CC200,111853.66,0,Subscription revenue - 2025-09
JE-000692,2,4030,CC200,0,111853.66,Subscription revenue - 2025-09
JE-000693,1,5010,CC600,278308.61,0,COGS product - 2025-09
JE-000693,2,1030,CC600,0,278308.61,COGS product - 2025-09
JE-000694,1,5020,CC600,76149.93,0,COGS services - 2025-09
JE-000694,2,2020,CC600,0,76149.93,COGS services - 2025-09
JE-000695,1,5030,CC900,28367.28,0,COGS subscriptions - 2025-09
JE-000695,2,2020,CC900,0,28367.28,COGS subscriptions - 2025-09
JE-000696,1,6010,CC100,210338.16,0,Payroll - CC100 - 2025-09
JE-000696,2,1010,CC100,0,210338.16,Payroll - CC100 - 2025-09
JE-000697,1,6010,CC200,128151.48,0,Payroll - CC200 - 2025-09
JE-000697,2,1010,CC200,0,128151.48,Payroll - CC200 - 2025-09
JE-000698,1,6010,CC300,71839.78,0,Payroll - CC300 - 2025-09
JE-000698,2,1010,CC300,0,71839.78,Payroll - CC300 - 2025-09
JE-000699,1,6010,CC400,48667.37,0,Payroll - CC400 - 2025-09
JE-000699,2,1010,CC400,0,48667.37,Payroll - CC400 - 2025-09
JE-000700,1,6010,CC500,42098.42,0,Payroll - CC500 - 2025-09
JE-000700,2,1010,CC500,0,42098.42,Payroll - CC500 - 2025-09
JE-000701,1,6010,CC600,59520.97,0,Payroll - CC600 - 2025-09
JE-000701,2,1010,CC600,0,59520.97,Payroll - CC600 - 2025-09
JE-000702,1,6010,CC700,53067.33,0,Payroll - CC700 - 2025-09
JE-000702,2,1010,CC700,0,53067.33,Payroll - CC700 - 2025-09
JE-000703,1,6010,CC800,83236.12,0,Payroll - CC800 - 2025-09
JE-000703,2,1010,CC800,0,83236.12,Payroll - CC800 - 2025-09
JE-000704,1,6010,CC900,160448.35,0,Payroll - CC900 - 2025-09
JE-000704,2,1010,CC900,0,160448.35,Payroll - CC900 - 2025-09
JE-000705,1,6020,CC100,62787.88,0,Benefits - CC100 - 2025-09
JE-000705,2,2020,CC100,0,62787.88,Benefits - CC100 - 2025-09
JE-000706,1,6020,CC200,34627.65,0,Benefits - CC200 - 2025-09
JE-000706,2,2020,CC200,0,34627.65,Benefits - CC200 - 2025-09
JE-000707,1,6020,CC300,19808.37,0,Benefits - CC300 - 2025-09
JE-000707,2,2020,CC300,0,19808.37,Benefits - CC300 - 2025-09
JE-000708,1,6020,CC400,14571.3,0,Benefits - CC400 - 2025-09
JE-000708,2,2020,CC400,0,14571.3,Benefits - CC400 - 2025-09
JE-000709,1,6020,CC500,11908.93,0,Benefits - CC500 - 2025-09
JE-000709,2,2020,CC500,0,11908.93,Benefits - CC500 - 2025-09
JE-000710,1,6020,CC600,16495.03,0,Benefits - CC600 - 2025-09
JE-000710,2,2020,CC600,0,16495.03,Benefits - CC600 - 2025-09
JE-000711,1,6020,CC700,14363.33,0,Benefits - CC700 - 2025-09
JE-000711,2,2020,CC700,0,14363.33,Benefits - CC700 - 2025-09
JE-000712,1,6020,CC800,21589.71,0,Benefits - CC800 - 2025-09
JE-000712,2,2020,CC800,0,21589.71,Benefits - CC800 - 2025-09
JE-000713,1,6020,CC900,43014.43,0,Benefits - CC900 - 2025-09
JE-000713,2,2020,CC900,0,43014.43,Benefits - CC900 - 2025-09
JE-000714,1,6030,CC600,42812.11,0,Rent and facilities - 2025-09
JE-000714,2,1010,CC600,0,42812.11,Rent and facilities - 2025-09
JE-000715,1,6040,CC999,18028.36,0,Depreciation - 2025-09
JE-000715,2,1120,CC999,0,18028.36,Depreciation - 2025-09
JE-000716,1,6050,CC400,13996.66,0,Professional services - 2025-09
JE-000716,2,2010,CC400,0,13996.66,Professional services - 2025-09
JE-000717,1,6060,CC300,57035.76,0,Marketing spend - 2025-09
JE-000717,2,2010,CC300,0,57035.76,Marketing spend - 2025-09
JE-000718,1,6070,CC300,14107.67,0,Travel and entertainment - 2025-09
JE-000718,2,1010,CC300,0,14107.67,Travel and entertainment - 2025-09
JE-000719,1,6080,CC100,23702.65,0,Software subscriptions - 2025-09
JE-000719,2,2010,CC100,0,23702.65,Software subscriptions - 2025-09
JE-000720,1,6090,CC999,15586.85,0,Insurance - 2025-Q3
JE-000720,2,1040,CC999,0,15586.85,Insurance - 2025-Q3
JE-000721,1,6100,CC600,10444.16,0,Utilities - 2025-09
JE-000721,2,2010,CC600,0,10444.16,Utilities - 2025-09
JE-000722,1,7010,CC400,6571.75,0,Interest expense - 2025-09
JE-000722,2,1010,CC400,0,6571.75,Interest expense - 2025-09
JE-000723,1,7020,CC400,90414.89,0,Tax provision - 2025-Q3
JE-000723,2,2020,CC400,0,90414.89,Tax provision - 2025-Q3
JE-000724,1,1010,CC400,663290.98,0,Cash collections - 2025-09
JE-000724,2,1020,CC400,0,663290.98,Cash collections - 2025-09
JE-000725,1,2010,CC400,292601.12,0,AP payments - 2025-09
JE-000725,2,1010,CC400,0,292601.12,AP payments - 2025-09
JE-000726,1,1020,CC200,502205.17,0,Product revenue - 2025-10
JE-000726,2,4010,CC200,0,502205.17,Product revenue - 2025-10
JE-000727,1,1020,CC200,224148.92,0,Service revenue - 2025-10
JE-000727,2,4020,CC200,0,224148.92,Service revenue - 2025-10
JE-000728,1,1020,CC200,139093.69,0,Subscription revenue - 2025-10
JE-000728,2,4030,CC200,0,139093.69,Subscription revenue - 2025-10
JE-000729,1,5010,CC600,308306.31,0,COGS product - 2025-10
JE-000729,2,1030,CC600,0,308306.31,COGS product - 2025-10
JE-000730,1,5020,CC600,85692.44,0,COGS services - 2025-10
JE-000730,2,2020,CC600,0,85692.44,COGS services - 2025-10
JE-000731,1,5030,CC900,29125.84,0,COGS subscriptions - 2025-10
JE-000731,2,2020,CC900,0,29125.84,COGS subscriptions - 2025-10
JE-000732,1,6010,CC100,216851.34,0,Payroll - CC100 - 2025-10
JE-000732,2,1010,CC100,0,216851.34,Payroll - CC100 - 2025-10
JE-000733,1,6010,CC200,139594.13,0,Payroll - CC200 - 2025-10
JE-000733,2,1010,CC200,0,139594.13,Payroll - CC200 - 2025-10
JE-000734,1,6010,CC300,69367.28,0,Payroll - CC300 - 2025-10
JE-000734,2,1010,CC300,0,69367.28,Payroll - CC300 - 2025-10
JE-000735,1,6010,CC400,49843.58,0,Payroll - CC400 - 2025-10
JE-000735,2,1010,CC400,0,49843.58,Payroll - CC400 - 2025-10
JE-000736,1,6010,CC500,37240.51,0,Payroll - CC500 - 2025-10
JE-000736,2,1010,CC500,0,37240.51,Payroll - CC500 - 2025-10
JE-000737,1,6010,CC600,60665.03,0,Payroll - CC600 - 2025-10
JE-000737,2,1010,CC600,0,60665.03,Payroll - CC600 - 2025-10
JE-000738,1,6010,CC700,61255.39,0,Payroll - CC700 - 2025-10
JE-000738,2,1010,CC700,0,61255.39,Payroll - CC700 - 2025-10
JE-000739,1,6010,CC800,85661.46,0,Payroll - CC800 - 2025-10
JE-000739,2,1010,CC800,0,85661.46,Payroll - CC800 - 2025-10
JE-000740,1,6010,CC900,161881.76,0,Payroll - CC900 - 2025-10
JE-000740,2,1010,CC900,0,161881.76,Payroll - CC900 - 2025-10
JE-000741,1,6020,CC100,60189.96,0,Benefits - CC100 - 2025-10
JE-000741,2,2020,CC100,0,60189.96,Benefits - CC100 - 2025-10
JE-000742,1,6020,CC200,37575.85,0,Benefits - CC200 - 2025-10
JE-000742,2,2020,CC200,0,37575.85,Benefits - CC200 - 2025-10
JE-000743,1,6020,CC300,20539.2,0,Benefits - CC300 - 2025-10
JE-000743,2,2020,CC300,0,20539.2,Benefits - CC300 - 2025-10
JE-000744,1,6020,CC400,13727.52,0,Benefits - CC400 - 2025-10
JE-000744,2,2020,CC400,0,13727.52,Benefits - CC400 - 2025-10
JE-000745,1,6020,CC500,10947.46,0,Benefits - CC500 - 2025-10
JE-000745,2,2020,CC500,0,10947.46,Benefits - CC500 - 2025-10
JE-000746,1,6020,CC600,17787.07,0,Benefits - CC600 - 2025-10
JE-000746,2,2020,CC600,0,17787.07,Benefits - CC600 - 2025-10
JE-000747,1,6020,CC700,16159.93,0,Benefits - CC700 - 2025-10
JE-000747,2,2020,CC700,0,16159.93,Benefits - CC700 - 2025-10
JE-000748,1,6020,CC800,24799.02,0,Benefits - CC800 - 2025-10
JE-000748,2,2020,CC800,0,24799.02,Benefits - CC800 - 2025-10
JE-000749,1,6020,CC900,43829.02,0,Benefits - CC900 - 2025-10
JE-000749,2,2020,CC900,0,43829.02,Benefits - CC900 - 2025-10
JE-000750,1,6030,CC600,43090.42,0,Rent and facilities - 2025-10
JE-000750,2,1010,CC600,0,43090.42,Rent and facilities - 2025-10
JE-000751,1,6040,CC999,17761.0,0,Depreciation - 2025-10
JE-000751,2,1120,CC999,0,17761.0,Depreciation - 2025-10
JE-000752,1,6050,CC800,32411.98,0,Professional services - 2025-10
JE-000752,2,2010,CC800,0,32411.98,Professional services - 2025-10
JE-000753,1,6060,CC300,74625.25,0,Marketing spend - 2025-10
JE-000753,2,2010,CC300,0,74625.25,Marketing spend - 2025-10
JE-000754,1,6070,CC200,6850.28,0,Travel and entertainment - 2025-10
JE-000754,2,1010,CC200,0,6850.28,Travel and entertainment - 2025-10
JE-000755,1,6080,CC100,25879.11,0,Software subscriptions - 2025-10
JE-000755,2,2010,CC100,0,25879.11,Software subscriptions - 2025-10
JE-000756,1,6100,CC600,7413.38,0,Utilities - 2025-10
JE-000756,2,2010,CC600,0,7413.38,Utilities - 2025-10
JE-000757,1,7010,CC400,6275.86,0,Interest expense - 2025-10
JE-000757,2,1010,CC400,0,6275.86,Interest expense - 2025-10
JE-000758,1,1010,CC400,726883.35,0,Cash collections - 2025-10
JE-000758,2,1020,CC400,0,726883.35,Cash collections - 2025-10
JE-000759,1,2010,CC400,368266.56,0,AP payments - 2025-10
JE-000759,2,1010,CC400,0,368266.56,AP payments - 2025-10
JE-000760,1,1020,CC200,487311.87,0,Product revenue - 2025-11
JE-000760,2,4010,CC200,0,487311.87,Product revenue - 2025-11
JE-000761,1,1020,CC200,263147.11,0,Service revenue - 2025-11
JE-000761,2,4020,CC200,0,263147.11,Service revenue - 2025-11
JE-000762,1,1020,CC200,134720.22,0,Subscription revenue - 2025-11
JE-000762,2,4030,CC200,0,134720.22,Subscription revenue - 2025-11
JE-000763,1,5010,CC600,276167.62,0,COGS product - 2025-11
JE-000763,2,1030,CC600,0,276167.62,COGS product - 2025-11
JE-000764,1,5020,CC600,99155.93,0,COGS services - 2025-11
JE-000764,2,2020,CC600,0,99155.93,COGS services - 2025-11
JE-000765,1,5030,CC900,36169.82,0,COGS subscriptions - 2025-11
JE-000765,2,2020,CC900,0,36169.82,COGS subscriptions - 2025-11
JE-000766,1,6010,CC100,195696.97,0,Payroll - CC100 - 2025-11
JE-000766,2,1010,CC100,0,195696.97,Payroll - CC100 - 2025-11
JE-000767,1,6010,CC200,127758.6,0,Payroll - CC200 - 2025-11
JE-000767,2,1010,CC200,0,127758.6,Payroll - CC200 - 2025-11
JE-000768,1,6010,CC300,74363.57,0,Payroll - CC300 - 2025-11
JE-000768,2,1010,CC300,0,74363.57,Payroll - CC300 - 2025-11
JE-000769,1,6010,CC400,45516.04,0,Payroll - CC400 - 2025-11
JE-000769,2,1010,CC400,0,45516.04,Payroll - CC400 - 2025-11
JE-000770,1,6010,CC500,39828.0,0,Payroll - CC500 - 2025-11
JE-000770,2,1010,CC500,0,39828.0,Payroll - CC500 - 2025-11
JE-000771,1,6010,CC600,54233.49,0,Payroll - CC600 - 2025-11
JE-000771,2,1010,CC600,0,54233.49,Payroll - CC600 - 2025-11
JE-000772,1,6010,CC700,61675.96,0,Payroll - CC700 - 2025-11
JE-000772,2,1010,CC700,0,61675.96,Payroll - CC700 - 2025-11
JE-000773,1,6010,CC800,84856.74,0,Payroll - CC800 - 2025-11
JE-000773,2,1010,CC800,0,84856.74,Payroll - CC800 - 2025-11
JE-000774,1,6010,CC900,154550.15,0,Payroll - CC900 - 2025-11
JE-000774,2,1010,CC900,0,154550.15,Payroll - CC900 - 2025-11
JE-000775,1,6020,CC100,50412.57,0,Benefits - CC100 - 2025-11
JE-000775,2,2020,CC100,0,50412.57,Benefits - CC100 - 2025-11
JE-000776,1,6020,CC200,38102.88,0,Benefits - CC200 - 2025-11
JE-000776,2,2020,CC200,0,38102.88,Benefits - CC200 - 2025-11
JE-000777,1,6020,CC300,19060.3,0,Benefits - CC300 - 2025-11
JE-000777,2,2020,CC300,0,19060.3,Benefits - CC300 - 2025-11
JE-000778,1,6020,CC400,13575.96,0,Benefits - CC400 - 2025-11
JE-000778,2,2020,CC400,0,13575.96,Benefits - CC400 - 2025-11
JE-000779,1,6020,CC500,10618.13,0,Benefits - CC500 - 2025-11
JE-000779,2,2020,CC500,0,10618.13,Benefits - CC500 - 2025-11
JE-000780,1,6020,CC600,13830.53,0,Benefits - CC600 - 2025-11
JE-000780,2,2020,CC600,0,13830.53,Benefits - CC600 - 2025-11
JE-000781,1,6020,CC700,18024.92,0,Benefits - CC700 - 2025-11
JE-000781,2,2020,CC700,0,18024.92,Benefits - CC700 - 2025-11
JE-000782,1,6020,CC800,21637.24,0,Benefits - CC800 - 2025-11
JE-000782,2,2020,CC800,0,21637.24,Benefits - CC800 - 2025-11
JE-000783,1,6020,CC900,45672.98,0,Benefits - CC900 - 2025-11
JE-000783,2,2020,CC900,0,45672.98,Benefits - CC900 - 2025-11
JE-000784,1,6030,CC600,42555.38,0,Rent and facilities - 2025-11
JE-000784,2,1010,CC600,0,42555.38,Rent and facilities - 2025-11
JE-000785,1,6040,CC999,18026.86,0,Depreciation - 2025-11
JE-000785,2,1120,CC999,0,18026.86,Depreciation - 2025-11
JE-000786,1,6050,CC100,40810.92,0,Professional services - 2025-11
JE-000786,2,2010,CC100,0,40810.92,Professional services - 2025-11
JE-000787,1,6060,CC300,62228.68,0,Marketing spend - 2025-11
JE-000787,2,2010,CC300,0,62228.68,Marketing spend - 2025-11
JE-000788,1,6070,CC800,8754.5,0,Travel and entertainment - 2025-11
JE-000788,2,1010,CC800,0,8754.5,Travel and entertainment - 2025-11
JE-000789,1,6080,CC100,31913.32,0,Software subscriptions - 2025-11
JE-000789,2,2010,CC100,0,31913.32,Software subscriptions - 2025-11
JE-000790,1,6100,CC600,9281.31,0,Utilities - 2025-11
JE-000790,2,2010,CC600,0,9281.31,Utilities - 2025-11
JE-000791,1,7010,CC400,6286.31,0,Interest expense - 2025-11
JE-000791,2,1010,CC400,0,6286.31,Interest expense - 2025-11
JE-000792,1,1010,CC400,779774.63,0,Cash collections - 2025-11
JE-000792,2,1020,CC400,0,779774.63,Cash collections - 2025-11
JE-000793,1,2010,CC400,316206.41,0,AP payments - 2025-11
JE-000793,2,1010,CC400,0,316206.41,AP payments - 2025-11
JE-000794,1,6070,CC200,1523.47,0,T&E reclass
JE-000794,2,6110,CC200,0,1523.45,T&E reclass
JE-000795,1,6050,CC400,25000.0,0,Incorrect vendor payment
JE-000795,2,1010,CC400,0,25000.0,Incorrect vendor payment
JE-000796,1,6050,CC400,0,25000.0,Reversal of JE-000795
JE-000796,2,1010,CC400,25000.0,0,Reversal of JE-000795
JE-000797,1,6060,CC300,52340.0,0,Marketing spend - 2025-08
JE-000797,2,2010,CC300,0,52340.0,Marketing spend - 2025-08
JE-000798,1,6060,CC300,52340.0,0,Marketing spend - 2025-08
JE-000798,2,2010,CC300,0,52340.0,Marketing spend - 2025-08
